fips,total_workers,outdoor_workers,percentage
01001,55533,4623,0.08324779860623413
01003,380075,31294,0.08233638097743866
01005,39829,4308,0.10816239423535615
01007,23062,4016,0.17413927673228688
01009,42849,3680,0.08588298443370908
01011,14360,689,0.04798050139275766
01013,33106,2707,0.08176765540989549
01015,219167,10251,0.046772552437182605
01017,41995,2852,0.06791284676747232
01019,25877,1716,0.06631371488194149
01021,46186,3473,0.07519594682371282
01023,17881,1124,0.0628600190145965
01025,40067,3194,0.0797164749045349
01027,21425,963,0.04494749124854142
01029,10944,1512,0.13815789473684212
01031,81180,4938,0.06082779009608278
01033,118768,12346,0.10395055907315101
01035,16586,624,0.03762209092005306
01037,6919,512,0.07399913282266224
01039,59993,5922,0.09871151634357342
01041,17440,1378,0.07901376146788991
01043,145126,8202,0.05651640643303061
01045,86076,3801,0.044158650494911474
01047,58714,3841,0.06541880982389209
01049,110126,4092,0.03715743784392423
01051,98801,9380,0.09493831034098846
01053,62612,6358,0.10154602951510892
01055,167711,6860,0.04090369743189177
01057,19842,1592,0.08023384739441589
01059,54284,2279,0.041982904723307055
01061,25685,2103,0.0818765816624489
01063,8845,441,0.04985867721876767
01065,13016,1358,0.10433312845728335
01067,17579,2971,0.1690084760225269
01069,241941,11587,0.047891841399349426
01071,76346,3627,0.04750740051869122
01073,1745334,156912,0.08990370897490108
01075,16915,645,0.0381318356488324
01077,146286,8904,0.060867068619006606
01079,24841,2649,0.10663821907330623
01081,298039,19547,0.06558537641046977
01083,127087,20007,0.15742758897448206
01085,11784,609,0.05168024439918534
01087,22817,672,0.029451724591313493
01089,1036127,53761,0.05188649653951687
01091,35455,4188,0.11812156254406994
01093,51816,1846,0.03562606144820133
01095,189318,9239,0.04880148744440571
01097,849377,80931,0.09528277784776372
01099,30918,1994,0.06449317549647454
01101,641296,54902,0.08561101269928395
01103,247646,20373,0.08226662251762597
01105,9780,554,0.05664621676891615
01107,18335,2218,0.1209708208344696
01109,72953,2500,0.03426863871259578
01111,23748,1570,0.06611083038571669
01113,69105,4615,0.06678243253020766
01115,97921,10827,0.11056872376711839
01117,421082,40171,0.09539947088690563
01119,14457,633,0.043785017638514216
01121,148990,10341,0.06940734277468287
01123,63920,3058,0.04784105131414268
01125,466367,34562,0.07410901714743967
01127,89475,7254,0.08107292539815592
01129,17547,1955,0.11141505670484983
01131,13360,1083,0.08106287425149701
01133,40362,1177,0.02916109211634706
01999,309228,30498,0.09862625635453452
02013,11318,62,0.005477999646580668
02016,16129,268,0.016616033232066466
02020,712534,84016,0.11791156632525605
02050,33103,1827,0.05519137238316769
02060,6071,137,0.02256629879756218
02063,10416,668,0.0641321044546851
02066,2985,83,0.02780569514237856
02068,8376,156,0.01862464183381089
02070,11166,198,0.017732401934443847
02090,178346,23054,0.12926558487434536
02100,4485,521,0.11616499442586399
02105,4006,95,0.023714428357463804
02110,83407,8278,0.09924826453415181
02122,97956,13819,0.14107354322348808
02130,34066,2192,0.0643456819115834
02150,28240,1391,0.04925637393767705
02158,10463,318,0.03039281276880436
02164,4330,192,0.04434180138568129
02170,125919,20375,0.161810370158594
02180,18891,869,0.046000741093642473
02185,55082,26796,0.48647471043171997
02188,14073,492,0.034960562779791086
02195,6249,229,0.036645863338134105
02198,10739,393,0.03659558618120868
02220,20334,1350,0.06639126586013573
02230,3615,85,0.02351313969571231
02240,12852,2658,0.20681605975723621
02261,9807,700,0.07137758743754462
02275,3786,149,0.039355520338087695
02282,1509,14,0.00927766732935719
02290,10953,530,0.04838856934173286
02999,10108,444,0.043925603482390184
04001,86302,8842,0.1024541725568353
04003,171084,28618,0.16727455518926376
04005,303374,22449,0.07399777172730689
04007,72998,9143,0.12525000684950272
04009,47985,4665,0.09721788058768364
04011,25606,1012,0.03952198703428884
04012,29576,4023,0.13602245063565052
04013,10316143,1051357,0.10191376757766929
04015,260844,27156,0.10410820260385517
04017,134086,13837,0.10319496442581627
04019,1851850,182921,0.09877743877743878
04021,321850,41102,0.12770545285070686
04023,66493,10010,0.15054216233287715
04025,326106,49201,0.15087425561013904
04027,340581,76822,0.2255616138304838
04999,214386,8747,0.04080023882156484
05001,50971,2638,0.051754919464008946
05003,30495,3445,0.11296933923594032
05005,75265,4548,0.06042649305786222
05007,626389,44708,0.07137417802675335
05009,70558,3607,0.05112106352220868
05011,18360,639,0.03480392156862745
05013,15039,651,0.043287452623179734
05015,53866,3476,0.064530501615119
05017,14441,1869,0.12942317014057197
05019,43918,1592,0.03624937383305251
05021,15638,2020,0.12917252845632435
05023,31431,3116,0.09913779389774427
05025,5062,927,0.1831291979454761
05027,39507,3302,0.08358012504113195
05029,33105,4683,0.1414589941096511
05031,258910,16778,0.06480244100266502
05033,97064,8548,0.08806560619797248
05035,78473,4930,0.06282415607916099
05037,23500,2292,0.09753191489361702
05039,13312,1032,0.07752403846153846
05041,22476,2004,0.08916177255739455
05043,31631,3279,0.10366412696405425
05045,205485,21236,0.10334574299827239
05047,23623,2999,0.12695254624730135
05049,10364,1199,0.11568892319567735
05051,184963,16248,0.08784459594621627
05053,20910,1454,0.06953610712577714
05055,76551,3741,0.04886938119684916
05057,38241,2260,0.059098872937423184
05059,41072,3813,0.09283696922477601
05061,32899,865,0.02629259248001459
05063,81298,5519,0.06788604885729047
05065,14444,681,0.047147604541678205
05067,25771,5620,0.2180745799542121
05069,132740,14924,0.11243031490131083
05071,41806,1340,0.03205281538535139
05073,5576,906,0.16248206599713055
05075,19465,2141,0.10999229386077575
05077,8856,1675,0.18913730803974707
05079,13661,4946,0.362052558377864
05081,16026,791,0.049357294396605515
05083,25869,1888,0.07298310719393869
05085,70789,6582,0.09298054782522708
05087,17111,1037,0.06060428963824441
05089,18059,360,0.01993465861897115
05091,62683,7183,0.11459247323835808
05093,86213,7702,0.08933687494925359
05095,9756,977,0.10014350143501435
05097,6261,402,0.06420699568758984
05099,11732,919,0.0783327650869417
05101,5100,339,0.06647058823529411
05103,35056,3632,0.10360565951620265
05105,5577,498,0.08929532006455083
05107,25510,2940,0.11524892199137593
05109,13068,387,0.029614325068870524
05111,26051,1060,0.040689416912978386
05113,29025,1535,0.052885443583118
05115,125509,12720,0.101347313738457
05117,7413,1182,0.1594496155402671
05119,1235716,109382,0.08851710263523334
05121,29316,1703,0.05809114476736253
05123,35003,4688,0.13393137731051624
05125,125360,14252,0.11368857689853222
05127,15112,278,0.018395976707252515
05129,7517,95,0.012638020486896369
05131,319466,22384,0.07006692417972492
05133,23799,861,0.03617799067187697
05135,17649,1082,0.0613065896084764
05137,12857,377,0.029322548028311426
05139,83976,12528,0.14918548156616177
05141,17593,1363,0.0774739953390553
05143,550900,47888,0.0869268469776729
05145,121102,10817,0.08932139849052864
05147,8909,289,0.03243910652149512
05149,32209,1520,0.047191778695395696
05999,195623,23026,0.11770599571625014
06001,3852538,397349,0.10313954073911795
06003,3564,191,0.053591470258136924
06005,60181,14957,0.2485335903358203
06007,396383,47441,0.11968474934596085
06009,49647,7963,0.16039237013313998
06011,45841,10061,0.21947601492114047
06013,1796347,195817,0.1090084488130634
06015,40212,10331,0.25691335919625985
06017,281469,40886,0.14525933584160244
06019,1974612,385306,0.1951299799656844
06021,46848,9869,0.2106600068306011
06023,245441,20682,0.08426465016032367
06025,315921,79936,0.2530252816368649
06027,36863,3424,0.09288446409679083
06029,1640123,493143,0.3006744006394642
06031,239456,26224,0.1095149004409996
06033,81401,12119,0.1488802348865493
06035,47839,16592,0.34682999226572464
06037,21798864,1646861,0.0755480193830284
06039,256847,49603,0.1931227540130895
06041,550779,61631,0.11189787555444199
06043,26928,1439,0.053438799762329174
06045,157618,17967,0.11399078785417908
06047,402564,24461,0.06076300911159468
06049,13000,2660,0.20461538461538462
06051,36482,2598,0.07121320103064525
06053,965717,343155,0.3553370190231714
06055,379482,26245,0.06916006556305701
06057,157867,22449,0.14220198014784596
06059,7971330,736998,0.09245608951078427
06061,858026,111880,0.130392319113873
06063,31631,3744,0.11836489519774904
06065,3788536,536160,0.14152168542149263
06067,3361728,416999,0.12404305166866564
06069,85297,10910,0.12790602248613667
06071,3912207,409370,0.10463914613925081
06073,7253727,707478,0.09753303370805105
06075,3611818,213071,0.05899272886950561
06077,1307931,206940,0.15821935560820868
06079,581254,92104,0.15845740416410037
06081,2030403,159376,0.07849476187732189
06083,1032532,206778,0.2002630426950448
06085,5456816,391356,0.07171874587671638
06087,511872,78320,0.1530070017504376
06089,331989,33625,0.10128347625975559
06091,2680,245,0.0914179104477612
06093,68847,4970,0.07218905689427281
06095,688219,101192,0.14703459218649878
06097,1019168,143069,0.14037823008571698
06099,954333,138401,0.14502380196430387
06101,158672,31987,0.20159196329535142
06103,94655,6061,0.06403253922138291
06105,13648,880,0.06447831184056271
06107,823220,196966,0.2392628944875003
06109,84858,12553,0.14792948219378255
06111,1610702,258045,0.1602065434822829
06113,528379,73322,0.1387678162833875
06115,95020,10255,0.10792464744264366
06999,2073492,47287,0.02280548948344146
08001,1126252,186472,0.16556862940088007
08003,41185,5000,0.12140342357654486
08005,1650182,145931,0.088433275844725
08007,21706,2327,0.10720538100064499
08009,5609,370,0.0659654127295418
08011,5496,116,0.021106259097525473
08013,930726,43092,0.046299340514823914
08014,200930,11271,0.056094162146021004
08015,41225,5256,0.12749545178896302
08017,3473,653,0.18802188309818602
08019,15575,729,0.04680577849117175
08021,7737,1280,0.16543880056869587
08023,4684,689,0.14709649871904354
08025,5516,474,0.08593183466279913
08027,4423,322,0.0728012661089758
08029,42006,5191,0.12357758415464458
08031,2612287,232758,0.0891012358136759
08033,2757,84,0.030467899891186073
08035,658755,60357,0.09162283398228477
08037,164317,18594,0.11315932009469501
08039,19711,4784,0.2427071178529755
08041,1419013,131498,0.09266863658049644
08043,68668,11424,0.16636570163686143
08045,128753,26403,0.20506706639845285
08047,21348,385,0.018034476297545437
08049,37370,4469,0.11958790473641959
08051,43618,6268,0.14370214131780457
08053,1371,187,0.1363967906637491
08055,8591,399,0.0464439529740426
08057,2927,523,0.17868124359412368
08059,1193446,121646,0.10192836542248246
08061,2394,187,0.07811194653299916
08063,14340,1283,0.0894700139470014
08065,11948,884,0.07398727820555742
08067,128353,16738,0.13040598973144377
08069,822283,78371,0.09530903594018118
08071,24424,3703,0.15161316737635114
08073,10968,1121,0.10220641867250183
08075,38837,5203,0.13397018307284292
08077,314588,41730,0.13264968784569023
08079,2826,50,0.017692852087756547
08081,23078,3735,0.1618424473524569
08083,45729,3726,0.08148002361739815
08085,77204,11056,0.14320501528418217
08087,62039,10391,0.16749141668950177
08089,30420,2648,0.08704799474030243
08091,10020,1041,0.10389221556886227
08093,13053,2076,0.15904389795449322
08095,8327,1064,0.12777711060405908
08097,81257,3890,0.04787279865119313
08099,22700,3616,0.15929515418502202
08101,308899,28763,0.09311457790410457
08103,14043,3778,0.2690308338674072
08105,20542,3506,0.17067471521760297
08107,75861,9932,0.13092366301525157
08109,7861,575,0.07314591018954332
08111,1729,12,0.006940427993059572
08113,27348,2428,0.08878162936960655
08115,3854,630,0.1634665282823041
08117,106598,7557,0.07089251205463518
08119,37426,2306,0.06161492010901512
08121,5895,75,0.01272264631043257
08123,550142,124942,0.22710863740634235
08125,20124,6188,0.30749354005167956
08999,112612,2549,0.022635243135722658
09001,2023734,143414,0.0708660327888942
09003,2481344,186841,0.07529830607928606
09005,299727,27896,0.09307136160572788
09007,336530,24902,0.07399637476599412
09009,1809393,150489,0.0831709860710194
09011,580524,47447,0.08173133238246826
09013,198350,18408,0.09280564658432064
09015,188751,8622,0.04567922818951953
09999,205243,3737,0.01820768552398864
10001,334883,20151,0.06017325453964519
10003,1439677,102569,0.07124445274877629
10005,415228,35257,0.0849099771691697
10999,37509,2727,0.07270255138766696
11001,3748174,344288,0.0918548605267525
12001,663194,41078,0.06193964360353079
12003,37818,2610,0.06901475487862922
12005,378625,40490,0.10693958402112909
12007,31794,3084,0.09699943385544442
12009,1109675,98689,0.0889350485502512
12011,4035274,326822,0.08099127841132969
12013,14523,1929,0.13282379673621153
12015,244498,28919,0.11827908612749388
12017,162207,22011,0.13569697978508943
12019,262096,25332,0.09665160857090532
12021,754487,118168,0.15662032612887963
12023,121195,10906,0.08998721069351046
12027,46488,6564,0.14119772844605058
12029,13618,1752,0.12865325304743722
12031,2626244,249588,0.09503610479452786
12033,689580,60545,0.08779982018039967
12035,123188,11616,0.09429489885378446
12037,16841,1500,0.08906834511014786
12039,80840,23589,0.2917986145472538
12041,17831,4258,0.23879759968594022
12043,9753,923,0.09463754742130627
12045,19347,2649,0.13692045278337728
12047,14757,1564,0.10598360100291387
12049,34410,3207,0.09319965126416739
12051,59902,9056,0.15118026109311877
12053,226162,21659,0.09576763558864884
12055,136128,14265,0.10479107898448518
12057,3539993,336588,0.09508154394655582
12059,17165,2375,0.13836294785901543
12061,264959,28002,0.10568427568038828
12063,72173,12907,0.1788341900710792
12065,13055,2912,0.2230563002680965
12067,6744,469,0.06954329774614472
12069,512663,72914,0.14222598471120404
12071,1347876,217142,0.1610993889645635
12073,756492,66413,0.08779074993522734
12075,44667,8557,0.19157319721494614
12077,9207,1562,0.16965352449223417
12079,22823,1394,0.0610787363624414
12081,641942,80387,0.12522470877431294
12083,536819,75545,0.14072713521689806
12085,347962,38318,0.11012122013323294
12086,5698795,463564,0.08134421399611673
12087,204542,22728,0.1111165433016202
12089,117971,9642,0.08173195107272126
12091,430410,32580,0.07569526730326898
12093,56824,6823,0.12007250457553147
12095,4196579,317195,0.07558418416524507
12097,490961,39749,0.08096162424306615
12099,3046151,288166,0.09460003788387378
12101,621833,74708,0.12014158142137842
12103,2179803,174399,0.08000677125409957
12105,1175625,114009,0.09697735247208931
12107,81508,10331,0.12674829464592433
12109,408462,32745,0.08016657608296487
12111,402585,50023,0.12425450525975881
12113,198825,28603,0.14386017854897523
12115,861942,88506,0.10268208301718677
12117,996711,132518,0.1329552899486411
12119,164385,31635,0.19244456611004654
12121,55738,8864,0.15902974631310776
12123,31874,2556,0.0801907510823869
12125,16758,2724,0.16254923021840315
12127,872476,81696,0.09363695964129673
12129,29882,3983,0.13329094438123285
12131,141980,19517,0.13746302296098042
12133,29663,2943,0.09921450965849712
12999,1673433,10181,0.006083900580423596
13001,34762,3898,0.11213393935907025
13003,11411,217,0.019016738235036367
13005,18574,727,0.03914073435985787
13007,2179,388,0.1780633318035796
13009,77504,4855,0.06264192815854666
13011,22050,2638,0.11963718820861678
13013,103148,7358,0.07133439329894908
13015,203151,12356,0.060821753277118994
13017,27586,2216,0.08033060247951859
13019,18217,1617,0.08876324312455398
13021,405017,18744,0.04627953888355304
13023,13115,1235,0.09416698436904308
13025,12600,1221,0.09690476190476191
13027,16462,2548,0.15478070708297897
13029,46266,3778,0.08165823715039122
13031,129395,7512,0.05805479346188029
13033,63923,9575,0.14978959060119207
13035,36942,1282,0.034703048021222455
13037,5216,194,0.03719325153374233
13039,72647,2317,0.03189395295056919
13043,16574,1466,0.08845179196331604
13045,207047,14451,0.06979574685940873
13047,77275,3709,0.04799741184082821
13049,9768,368,0.03767403767403767
13051,791912,51621,0.06518527311115377
13053,11273,107,0.009491705845826311
13055,27182,1813,0.06669855051136782
13057,323690,29295,0.09050325929129723
13059,343543,11480,0.03341648643692347
13061,3181,661,0.2077962904746935
13063,590528,32077,0.05431918554242982
13065,11645,1192,0.10236152855302705
13067,1836711,171567,0.09340990498777434
13069,87276,8157,0.0934621201704936
13071,74346,8182,0.1100529954536895
13073,182590,14588,0.07989484637712908
13075,21965,1567,0.07134076940587299
13077,207686,11060,0.05325346917943434
13079,6411,354,0.055217594759007955
13081,41368,1091,0.026373041964803712
13083,19237,111,0.005770130477725217
13085,46730,2368,0.050674085170126254
13087,42697,1851,0.04335199194322786
13089,1488067,79971,0.05374153179930742
13091,24383,2202,0.09030882172005085
13093,17255,950,0.05505650536076499
13095,233580,12542,0.05369466563918144
13097,224095,12568,0.056083357504629734
13099,20766,1079,0.051959934508330925
13101,3123,1482,0.4745437079731028
13103,54468,4180,0.07674230740985533
13105,28538,1994,0.0698717499474385
13107,33392,1710,0.051209870627695254
13109,22701,1492,0.06572397691731642
13111,33056,1107,0.03348862536302033
13113,225866,18507,0.08193796321712873
13115,195676,7033,0.035942067499335636
13117,387345,36766,0.09491796718687474
13119,39142,1927,0.04923100505850493
13121,4434006,225318,0.05081589876062414
13123,35097,1919,0.05467703792346924
13125,2007,10,0.004982561036372696
13127,190444,11289,0.05927726785826805
13129,116759,5148,0.04409081955138362
13131,30307,4313,0.14231035734318803
13133,31967,4688,0.14665123408515032
13135,1792623,139158,0.07762814601843221
13137,69262,4650,0.06713638069937339
13139,452243,25497,0.056378982095908615
13141,7224,240,0.03322259136212625
13143,34672,2660,0.07671896631287495
13145,26005,2410,0.09267448567583157
13147,33807,2970,0.08785162836099032
13149,10313,1333,0.12925433918355475
13151,335420,13824,0.04121400035776042
13153,311377,8734,0.028049599039106934
13155,10271,1202,0.11702852692045565
13157,169775,7646,0.04503607716094831
13159,11614,1108,0.09540210091269158
13161,21149,2005,0.09480353681025108
13163,23799,2565,0.10777763771587041
13165,6871,558,0.08121088633386697
13167,7332,609,0.08306055646481178
13169,19996,3061,0.15308061612322466
13171,18727,1137,0.060714476424413945
13173,7029,918,0.13060179257362356
13175,92922,4600,0.04950388497879942
13177,34099,4258,0.12487169711721752
13179,95659,3289,0.03438254633646599
13181,6519,1489,0.2284092652247277
13183,5365,435,0.08108108108108109
13185,243923,16244,0.06659478605953519
13187,38886,2593,0.06668209638430284
13189,34115,2691,0.07888025795104793
13191,8517,630,0.07396970764353646
13193,13586,432,0.03179743853967319
13195,17593,2376,0.1350537145455579
13197,5683,77,0.0135491817701918
13199,22103,3113,0.1408406098719631
13201,8660,682,0.07875288683602771
13205,33087,1348,0.04074107655574697
13207,38507,7745,0.20113226166670994
13209,7555,752,0.09953673064195896
13211,38773,2381,0.06140871224821396
13213,40610,955,0.023516375277025364
13215,460442,21514,0.04672466890509554
13217,124841,9653,0.07732235403433167
13219,68731,3571,0.05195617697981988
13221,9092,2482,0.2729872415310163
13223,128873,12063,0.0936037804660402
13225,49045,5062,0.10321133652767867
13227,39524,2577,0.0652008905981176
13229,21163,3119,0.14737986107829704
13231,14973,2907,0.1941494690442797
13233,55749,2408,0.04319359988519973
13235,13563,1142,0.084199660841996607
13237,28960,3206,0.11070441988950276
13239,1666,34,0.02040816326530612
13241,26873,2042,0.07598705019908458
13243,9109,1263,0.1386540783840158
13245,515871,25681,0.04978182530128656
13247,164481,10014,0.06088241195031645
13249,5052,64,0.012668250197941409
13251,15463,1458,0.09428959451594128
13253,11585,1511,0.1304272766508416
13255,112243,4052,0.03610024678599111
13257,43575,1271,0.029168100975329892
13259,7157,449,0.06273578314936426
13261,52583,1676,0.031873419165890114
13263,3845,1633,0.4247074122236671
13265,1063,21,0.01975540921919097
13267,28663,5612,0.19579248508530162
13269,7910,996,0.1259165613147914
13271,12416,751,0.06048646907216495
13273,10259,686,0.06686811580076031
13275,100354,3409,0.0339697470952827
13277,104486,7448,0.07128227705147101
13279,59710,6161,0.10318204655836544
13281,16839,773,0.04590533879684067
13283,5216,445,0.0853144171779141
13285,194380,9147,0.04705731042288301
13287,9427,671,0.07117852975495916
13289,11305,52,0.004599734630694383
13291,35481,1973,0.0556072264028635
13293,33501,1660,0.04955075967881556
13295,67853,3136,0.04621755854567963
13297,118483,16025,0.13525147067511795
13299,76858,5979,0.07779281271956075
13301,7393,239,0.03232787772216962
13303,31403,3898,0.12412826799987263
13305,41265,6367,0.15429540773052222
13307,2519,220,0.08733624454148471
13309,5495,405,0.07370336669699727
13311,45317,5172,0.11412935542952976
13313,278185,8076,0.029031040494634865
13315,5460,460,0.08424908424908426
13317,13386,1247,0.0931570297325564
13319,17330,5409,0.31211771494518176
13321,15078,1599,0.10604854755272583
13999,760782,43699,0.05743958190388311
15001,343549,39798,0.1158437369923941
15003,2209999,227132,0.10277470713787654
15007,153730,9116,0.05929877057178169
15009,366060,35148,0.09601704638583838
15999,12279,56,0.004560631973287727
16001,1285118,132767,0.10331113563112493
16003,5038,721,0.14311234616911472
16005,173004,13686,0.0791079975029479
16007,8787,360,0.04096961420279959
16009,17233,720,0.041780305228340975
16011,76597,12409,0.1620037338276956
16013,64834,10823,0.16693401610266217
16015,8268,1004,0.12143202709240446
16017,74109,8726,0.11774548300476326
16019,276053,20785,0.07529351247767639
16021,18852,2001,0.10614258434118395
16023,43267,212,0.0048998081678877665
16025,1684,218,0.12945368171021376
16027,375732,63044,0.16778980762884182
16029,17386,5240,0.30139192453698377
16031,58918,13484,0.22886045011711192
16033,1650,297,0.18
16035,13275,801,0.06033898305084746
16037,7578,1024,0.13512800211137505
16039,36011,4962,0.13779123045736025
16041,18704,1919,0.102598374679213
16043,16030,2098,0.1308796007485964
16045,20091,1960,0.09755611965556717
16047,31083,1897,0.06103014509538976
16049,22240,3755,0.16883992805755396
16051,36597,8575,0.23430882312757875
16053,53632,17038,0.3176834725536993
16055,324599,36596,0.11274218343248131
16057,68350,3139,0.04592538405267008
16059,12869,1547,0.1202113606340819
16061,8152,508,0.06231599607458292
16063,8377,2971,0.35466157335561654
16065,81256,4466,0.05496209510682288
16067,41531,2691,0.06479497243023284
16069,104291,6398,0.061347575533842805
16071,6634,202,0.030449201085318057
16073,16199,3319,0.20488919069078337
16075,32824,4028,0.12271508652205704
16077,17327,3454,0.1993420672938189
16079,23433,3838,0.16378611360047796
16081,18783,2832,0.15077463663951446
16083,199798,12547,0.06279842641067478
16085,24466,2532,0.10349055832583993
16087,14179,1083,0.07638056280414698
16999,77638,3029,0.03901440016486772
17001,160502,9525,0.05934505489028174
17003,4731,336,0.07102092580849714
17005,21842,2672,0.12233311967768519
17007,81793,7187,0.08786815497658723
17009,22040,854,0.03874773139745916
17011,56329,2758,0.04896234621598111
17013,3623,272,0.07507590394700524
17015,20164,3020,0.14977187066058323
17017,26813,782,0.029164957296833625
17019,454477,23448,0.05159336996151621
17021,47591,2614,0.05492635162110483
17023,22141,2240,0.10116977552956054
17025,24508,1610,0.06569283499265546
17027,60298,9393,0.15577631098875586
17029,115132,5741,0.04986450335267345
17031,12532978,743213,0.059300590809303264
17033,34670,2751,0.07934813960196135
17035,13988,305,0.021804403774663996
17037,180384,13164,0.07297764768493879
17039,24411,2103,0.0861496866166892
17041,37139,2397,0.06454131775222811
17043,2996473,212870,0.07104018624562944
17045,35153,2174,0.06184393935083777
17047,10647,287,0.02695595003287311
17049,111674,7910,0.07083116929634471
17051,26953,2198,0.081549363707194
17053,23940,1454,0.06073517126148705
17055,43481,4525,0.10406844368804766
17057,40564,3057,0.07536239029681491
17059,4959,486,0.09800362976406533
17061,11621,909,0.07822046295499527
17063,102803,13646,0.13273931694600352
17065,9762,599,0.06136037697193198
17067,20046,3293,0.16427217399980046
17069,3298,89,0.026986052152819892
17071,5411,459,0.08482720384402144
17073,67795,6412,0.09457924625709861
17075,36900,2751,0.07455284552845529
17077,121405,5752,0.047378608788764875
17079,10199,1516,0.14864202372781646
17081,96014,3380,0.035203199533401376
17083,25206,2033,0.08065539950805364
17085,35501,2731,0.076927410495479
17087,11453,503,0.04391862394132542
17089,1030914,72903,0.07071685902024805
17091,216141,8528,0.03945572566056417
17093,142846,9289,0.06502807218963079
17095,84321,2699,0.03200863367369931
17097,1645220,96969,0.058939837833238105
17099,203226,20519,0.10096641177802053
17101,21346,1596,0.07476810643680315
17103,63713,2673,0.04195376139877262
17105,66674,4004,0.06005339412664607
17107,43237,2225,0.051460554617572915
17109,51107,2546,0.04981705050188819
17111,474301,45987,0.0969574173362485
17113,406462,15326,0.03770586180257933
17115,233242,18095,0.07758036717229315
17117,50460,4903,0.09716607213634562
17119,502954,38129,0.07581011384738962
17121,62501,4261,0.06817490920145278
17123,14121,963,0.06819630337794774
17125,14315,667,0.04659448131330772
17127,14643,443,0.030253363381820664
17129,8332,811,0.09733557369179069
17131,15474,1064,0.06876050148636423
17133,42176,3608,0.08554628224582701
17135,42945,3862,0.08992897892653394
17137,68699,2689,0.03914176334444461
17139,25546,2420,0.09473107335786425
17141,75705,4720,0.06234726900468925
17143,509237,26595,0.052225191806565506
17145,22729,917,0.04034493378503234
17147,17529,1689,0.09635461235666609
17149,19666,1239,0.06300213566561579
17151,2537,53,0.02089081592432006
17153,6933,54,0.007788836001730853
17155,8896,733,0.08239658273381295
17157,59221,2820,0.04761824352847807
17159,29113,1664,0.05715659670937382
17161,359141,19280,0.05368365071100208
17163,446618,30717,0.06877689658724011
17165,37791,2746,0.07266280331295812
17167,635719,52608,0.08275354362540682
17169,7557,638,0.08442503639010189
17171,4639,203,0.04375943091183445
17173,24961,1293,0.05180080926244942
17175,7071,1434,0.20280016970725498
17177,85149,10129,0.11895618269151723
17179,230597,19654,0.08523094402789282
17181,24911,909,0.036489904058448076
17183,128242,4651,0.036267369504530494
17185,16298,2346,0.14394404221376855
17187,30865,1833,0.05938765592094605
17189,32644,2453,0.07514397745374342
17191,18986,1732,0.09122511324133573
17193,19976,2704,0.13536243492190628
17195,103255,4440,0.043000338966636
17197,1233078,103400,0.0838551981302075
17199,136767,8287,0.060592101895925184
17201,609618,32589,0.05345806718305562
17203,50043,5724,0.11438163179665488
17999,815408,39762,0.048763318485960404
18001,67370,2429,0.03605462371975657
18003,941943,68396,0.0726116123799423
18005,247653,9915,0.04003585662196703
18007,11596,1692,0.145912383580545
18009,14902,814,0.054623540464367196
18011,173008,12175,0.07037246832516415
18013,14120,1017,0.07202549575070821
18015,27028,2428,0.08983276602042327
18017,71861,3692,0.051376963860786794
18019,271670,15899,0.05852320830419259
18021,37901,1428,0.0376771061449566
18023,54433,3392,0.06231513971304172
18025,9215,280,0.030385241454150842
18027,60700,7836,0.12909390444810542
18029,69835,3878,0.055530894250733875
18031,70405,2076,0.0294865421489951
18033,108177,4478,0.04139512095916877
18035,220900,9921,0.044911724762335896
18037,140782,6657,0.04728587461465244
18039,673914,22158,0.03287956623545438
18041,29882,950,0.031791714075363096
18043,152267,10423,0.06845212685611458
18045,23542,1313,0.055772661626030076
18047,22279,1436,0.06445531666591858
18049,31005,2209,0.07124657313336559
18051,105174,6243,0.05935877688402077
18053,134516,3799,0.028241993517499776
18055,31606,3240,0.10251218123141176
18057,731733,55791,0.07624502379966464
18059,127243,10392,0.08167050446782927
18061,50429,3994,0.07920046005274743
18063,378288,27484,0.072653639555048
18065,65234,3588,0.055001992825827024
18067,183397,8849,0.04825051663876726
18069,67571,3107,0.04598126415178109
18071,110415,5012,0.045392383281257075
18073,58131,4057,0.06979064526672515
18075,34426,1482,0.0430488584209609
18077,61239,3030,0.04947827364914515
18079,37592,3881,0.10324005107469675
18081,289011,21590,0.07470303898467533
18083,85721,11396,0.13294291947130807
18085,187928,9360,0.04980630879911455
18087,71715,4073,0.05679425503730043
18089,919420,71907,0.07820908833830023
18091,197171,17578,0.0891510414817595
18093,67251,4803,0.07141901235669358
18095,195607,14022,0.0716845511663693
18097,2970078,263313,0.08865524743794607
18099,91347,3450,0.03776807120102466
18101,39267,1272,0.03239361295744518
18103,44388,3667,0.08261241777056862
18105,319917,17745,0.0554675118858954
18107,75049,2472,0.032938480192940614
18109,77105,8570,0.11114713702094546
18111,16123,837,0.05191341561744092
18113,87502,3400,0.03885625471417796
18115,5784,104,0.017980636237897647
18117,36149,4288,0.11862015546764779
18119,25468,1104,0.0433485157845139
18121,16045,914,0.056964786537862265
18123,31421,2032,0.0646701250755864
18125,13466,820,0.06089410366849844
18127,299638,24899,0.0830969369706112
18129,43422,3417,0.07869282852010502
18131,24199,883,0.036489111120294224
18133,63706,4696,0.07371362195083665
18135,33482,4086,0.12203572068574159
18137,59150,3956,0.06688081149619611
18139,24189,1297,0.05361941378312456
18141,596576,37353,0.06261230756852437
18143,40179,938,0.02334552875880435
18145,88172,6468,0.0733566211495713
18147,33341,3471,0.10410605560721034
18149,20731,1298,0.06261154792339974
18151,79360,3319,0.04182207661290323
18153,27873,2246,0.0805797725397338
18155,9381,200,0.021319688732544504
18157,426932,21381,0.05008057489248873
18159,26090,4012,0.15377539287083172
18161,6577,467,0.07100501748517561
18163,531284,41105,0.07736916602043352
18165,21642,4193,0.19374364661306717
18167,231880,17958,0.0774452302915301
18169,59436,3579,0.06021603068847163
18171,9305,535,0.05749596990865126
18173,82750,8857,0.1070332326283988
18175,30010,1920,0.0639786737754082
18177,147518,6002,0.04068656028416871
18179,52931,2542,0.048024786986831915
18181,45638,3698,0.08102896708882948
18183,65237,3537,0.05421769854530405
18999,405582,14799,0.03648830569403968
19001,14500,1245,0.08586206896551724
19003,4913,205,0.04172603297374313
19005,24662,2502,0.10145162598329413
19007,22303,1069,0.04793077164507017
19009,8937,2068,0.23139756070269665
19011,29618,2460,0.0830576001080424
19013,360661,18870,0.05232060023124208
19015,44235,3978,0.08992878942014242
19017,48676,2651,0.054462157942312434
19019,33210,2598,0.07822944896115627
19021,54530,5160,0.09462681092976344
19023,17706,1208,0.06822546029594488
19025,13879,1021,0.07356437783701995
19027,55789,2947,0.05282403341160444
19029,28963,2079,0.07178123813140903
19031,25872,1880,0.07266542980828695
19033,119782,7358,0.061428261341436946
19035,23994,2535,0.1056514128532133
19037,24304,1298,0.053406846609611584
19039,22351,305,0.013645921882689812
19041,42367,2886,0.06811905492482356
19043,32403,3372,0.10406443847791871
19045,98552,4606,0.046736748112671485
19047,32992,1975,0.059862997090203686
19049,233561,9115,0.039026207286319205
19051,10290,544,0.05286686103012633
19053,12004,212,0.01766077974008664
19055,32912,2200,0.06684491978609626
19057,103203,4833,0.046830034010639225
19059,48771,3021,0.06194254782555207
19061,288199,16400,0.056905124584054764
19063,17838,917,0.051407108420226486
19065,34788,1921,0.05522019087041508
19067,28934,1653,0.057130020045621066
19069,19254,1612,0.08372286278175964
19071,11264,997,0.08851207386363637
19073,16501,574,0.03478577055936004
19075,20371,4813,0.2362672426488636
19077,15313,2206,0.14406060210278848
19079,28460,1568,0.05509486999297259
19081,30790,1077,0.034978889249756416
19083,33508,3029,0.09039632326608571
19085,20102,1410,0.07014227440055716
19087,45480,1518,0.033377308707124013
19089,20921,2517,0.12030973662826824
19091,18815,1871,0.09944193462662769
19093,18563,1328,0.07154016053439638
19095,48511,2092,0.043124239863123824
19097,30172,1686,0.05587962349197932
19099,54684,4135,0.07561626801258138
19101,37524,1535,0.04090715275556977
19103,408483,18242,0.04465791722054529
19105,30291,3212,0.10603809712455844
19107,10994,653,0.059396034200472986
19109,32873,3419,0.10400632738113345
19111,73192,5264,0.07192042846212701
19113,636909,53298,0.08368228428237001
19115,18989,473,0.024909157933540472
19117,17966,353,0.019648224423911835
19119,22827,1323,0.05795768169273229
19121,19517,2313,0.1185120664036481
19123,39447,2103,0.05331203893832231
19125,90107,3301,0.03663422375620096
19127,80736,3043,0.037690745144669045
19129,17704,875,0.049423859014911885
19131,20666,2782,0.1346172457176038
19133,12884,691,0.05363241229431853
19135,17469,1116,0.06388459556929418
19137,20201,1159,0.057373397356566505
19139,111910,5668,0.050647842015905636
19141,32370,1331,0.041118319431572445
19143,12218,3264,0.26714683254215094
19145,30777,1206,0.0391851057607954
19147,18266,1998,0.10938355414431183
19149,57794,2729,0.04721943454337821
19151,15249,1795,0.11771263689422257
19153,1496073,130476,0.08721232185862589
19155,195263,15459,0.07917014488151877
19157,48540,3839,0.07908941079522043
19159,6850,378,0.055182481751824816
19161,14846,729,0.049104135794153306
19163,440888,33231,0.07537288381629802
19165,27772,1564,0.05631571366844303
19167,106112,15651,0.14749509951749096
19169,228487,12165,0.05324154109424169
19171,27093,1123,0.0414498209869708
19173,9873,1096,0.1110098247746379
19175,29534,1514,0.05126295117491705
19177,9531,738,0.07743153918791312
19179,77862,3315,0.04257532557601911
19181,59415,6710,0.11293444416393167
19183,40808,4509,0.11049304058027838
19185,9457,427,0.04515173945225759
19187,88043,9362,0.10633440477948275
19189,20779,1244,0.05986813609894605
19191,50676,3087,0.06091641013497514
19193,253846,18989,0.07480519685163446
19195,11265,873,0.07749667110519308
19197,29114,1826,0.06271896682008656
19999,22846,528,0.023111266742536985
20001,28277,1175,0.04155320578562082
20003,11000,1491,0.13554545454545455
20005,27082,1743,0.06436009157373901
20007,7875,1119,0.1420952380952381
20009,58732,8764,0.14922018661036573
20011,29434,1371,0.046578786437453286
20013,24856,534,0.021483746379143867
20015,94472,9404,0.09954272165297655
20017,4485,584,0.1302118171683389
20019,3748,374,0.09978655282817503
20021,28439,2660,0.09353352790182495
20023,4317,270,0.06254343293954134
20025,3783,568,0.15014538725878931
20027,14640,1358,0.09275956284153006
20029,15635,570,0.036456667732651105
20031,17816,1171,0.06572743601257297
20033,3133,105,0.033514203638684965
20035,68197,2980,0.04369693681540244
20037,84899,4394,0.051755615496060024
20039,4525,75,0.016574585635359115
20041,30578,1926,0.0629864608542089
20043,11507,791,0.06874076648996263
20045,239202,11289,0.04719442145132566
20047,4643,187,0.040275683825113075
20049,2923,224,0.0766335956209374
20051,75521,6652,0.08808146078574171
20053,11254,666,0.05917895859250044
20055,96160,10603,0.11026414309484193
20057,85224,4893,0.05741340467473951
20059,47030,3312,0.07042313416967892
20061,63806,2125,0.033304077986396265
20063,6174,929,0.15046971169420148
20065,4278,729,0.17040673211781207
20067,13284,3652,0.2749171936163806
20069,15248,4601,0.3017444910807975
20071,3169,128,0.04039129062795835
20073,7866,1214,0.1543351131451818
20075,7592,29,0.003819810326659642
20077,11689,1078,0.0922234579519206
20079,68924,4390,0.06369334339272242
20081,8401,3393,0.4038804904178074
20083,2960,703,0.2375
20085,20368,1079,0.052975255302435194
20087,18429,3047,0.1653372402192197
20089,3580,101,0.028212290502793298
20091,1747212,120729,0.06909808311756101
20093,7343,1432,0.19501566117390712
20095,12454,2618,0.210213585996467
20097,5408,439,0.08117603550295859
20099,42433,866,0.020408644215586927
20101,3079,564,0.18317635595972717
20103,103365,10936,0.10579983553427176
20105,4683,298,0.063634422378817
20107,10008,1370,0.13689048760991207
20109,6079,51,0.008389537752919889
20111,75221,2219,0.029499740763882426
20113,76089,5524,0.07259919305024379
20115,17664,1400,0.0792572463768116
20117,22442,1448,0.06452187862044381
20119,7917,2393,0.3022609574333712
20121,42286,4491,0.1062053634772738
20123,15590,1003,0.06433611289288005
20125,71096,4406,0.0619725441656352
20127,7678,602,0.07840583485282626
20129,4047,401,0.0990857425253274
20131,25784,1679,0.06511790257524046
20133,31072,2316,0.07453656024716787
20135,5457,1037,0.19003115264797507
20137,11374,597,0.05248813082468788
20139,14092,1057,0.0750070962248084
20141,7041,328,0.04658429200397671
20143,6228,392,0.06294155427103404
20145,13267,847,0.06384261701967288
20147,11540,1521,0.13180242634315426
20149,48711,5039,0.10344686005214428
20151,22413,3620,0.16151340739749254
20153,4832,619,0.12810430463576158
20155,130470,12285,0.09415957691423316
20157,9255,363,0.039222042139384114
20159,19373,2986,0.15413203943632892
20161,141827,7974,0.05622342713305647
20163,8756,749,0.08554134307903152
20165,5172,276,0.05336426914153132
20167,12059,1599,0.1325980595405921
20169,145851,7304,0.050078504775421494
20171,11259,3163,0.2809308109068301
20173,1248707,96288,0.07711016275235104
20175,53503,3010,0.056258527559202284
20177,478334,39109,0.08176086165733568
20179,4992,928,0.1858974358974359
20181,11931,317,0.02656944095214148
20183,6460,279,0.04318885448916409
20185,6009,952,0.15842902313196872
20187,4483,852,0.19005130492973454
20189,9826,2234,0.22735599430083453
20191,31910,1539,0.048229395173926666
20193,19968,1622,0.08122996794871795
20195,6055,301,0.04971098265895954
20197,6655,1335,0.20060105184072127
20199,2626,413,0.15727341964965727
20201,10253,901,0.08787671900907051
20203,4175,766,0.18347305389221558
20205,17270,1563,0.0905037637521714
20207,3444,484,0.140534262485482
20209,445206,30258,0.06796404361127209
20999,114438,6921,0.060478162848005036
21001,22259,1616,0.07259984725279663
21003,23072,1059,0.0458997919556172
21005,23935,435,0.01817422185084604
21007,9762,945,0.09680393362015981
21009,78039,4367,0.05595919988723587
21011,9701,1241,0.12792495619008348
21013,40142,3769,0.09389168451995417
21015,486750,54557,0.11208423215202876
21017,33489,1640,0.048971304010272027
21019,119971,12096,0.10082436588842303
21021,70186,4669,0.06652323825264297
21023,6535,233,0.03565416985462892
21025,13432,392,0.029184038117927337
21027,17448,1638,0.09387895460797799
21029,133730,10615,0.079376355342855
21031,14211,609,0.042854127084652735
21033,22304,876,0.039275466284074606
21035,78200,4229,0.05407928388746803
21037,148514,5408,0.036414075440699196
21039,5061,709,0.14009089112823553
21041,36001,354,0.009833060192772422
21043,27237,1574,0.05778903697176635
21045,19329,869,0.044958352734233535
21047,152521,6738,0.04417752309518034
21049,69733,5110,0.07327950898426856
21051,19589,2496,0.12741844912961356
21053,19231,730,0.03795954448546617
21055,9555,189,0.01978021978021978
21057,9843,185,0.01879508279995936
21059,226116,14864,0.06573617081497993
21061,7744,678,0.08755165289256199
21063,4314,1421,0.3293926750115902
21065,11379,559,0.049125582212848226
21067,953910,87081,0.09128848633518885
21069,15321,1286,0.08393707982507669
21071,51929,5491,0.10574053033950201
21073,158272,13358,0.0843990093004448
21075,10316,394,0.03819309810003878
21077,12402,242,0.01951298177713272
21079,10878,1953,0.17953667953667954
21081,24603,1031,0.04190545868390034
21083,55940,3234,0.05781194136574902
21085,38213,3424,0.08960301468086777
21087,8541,181,0.02119189790422667
21089,35771,368,0.010287663190852926
21091,19974,491,0.024581956543506558
21093,230745,10369,0.04493705172376433
21095,29865,2447,0.08193537585802779
21097,24905,1427,0.057297731379241115
21099,24644,164,0.006654763837039441
21101,92891,5702,0.06138377237837896
21103,13386,539,0.040265949499477066
21105,4480,562,0.12544642857142857
21107,81969,6290,0.07673632714806818
21109,8179,328,0.0401027020418144
21111,2310048,246765,0.10682245563728546
21113,85601,7732,0.09032604759290196
21115,25505,1586,0.06218388551264458
21117,340007,22218,0.06534571347060501
21119,10525,507,0.04817102137767221
21121,38329,724,0.018889091810378563
21123,12381,1243,0.10039576770858574
21125,132156,7908,0.05983837283210751
21127,17971,898,0.04996939513660898
21129,8144,428,0.05255402750491159
21131,7757,60,0.007734949078251901
21133,21191,1204,0.05681657307347459
21135,9626,717,0.07448576771244546
21137,19540,1018,0.052098259979529174
21139,13329,3312,0.24848075624577987
21141,43828,2304,0.05256913388701287
21143,12564,2982,0.23734479465138492
21145,192036,13758,0.07164281697181779
21147,13659,2126,0.15564829050442933
21149,9316,531,0.05699871189351653
21151,168211,11277,0.06704079994768475
21153,8846,215,0.024304770517748136
21155,41871,470,0.01122495283131523
21157,54465,8137,0.14939869641053888
21159,10186,2374,0.2330649911643432
21161,40247,2558,0.06355753223842771
21163,21439,2962,0.13815942907784878
21165,4668,43,0.00921165381319623
21167,31336,1508,0.04812356395200409
21169,9303,247,0.02655057508330646
21171,15776,1293,0.08195993914807302
21173,51716,1787,0.03455410317890015
21175,14230,455,0.03197470133520731
21177,39025,6163,0.1579244074311339
21179,81550,7787,0.09548743102391172
21181,4217,262,0.06212947593075646
21183,36814,1138,0.03091215298527734
21185,80270,9735,0.1212781861218388
21187,6875,222,0.03229090909090909
21189,3242,55,0.016964836520666254
21191,11374,172,0.015122208545806225
21193,55712,2631,0.04722501435956347
21195,100170,10910,0.10891484476390137
21197,13750,341,0.0248
21199,127004,8074,0.06357280085666593
21201,1485,31,0.020875420875420877
21203,18855,263,0.013948554760010607
21205,50795,1353,0.026636479968500836
21207,28282,575,0.020330952549324658
21209,137952,3819,0.027683542101600556
21211,80407,6102,0.07588891514420386
21213,44223,2886,0.06526015874092667
21215,10123,946,0.09345055813494023
21217,59093,461,0.007801262416868326
21219,11455,615,0.053688345700567436
21221,14705,774,0.05263515810948657
21223,5328,397,0.07451201201201202
21225,24342,706,0.02900336866321584
21227,321373,20559,0.06397239344935636
21229,16312,1798,0.11022560078469838
21231,28063,462,0.016462958343726616
21233,14191,2641,0.18610386864914383
21235,61864,1800,0.029096081727660674
21237,6854,187,0.027283338196673477
21239,45038,3058,0.06789821928149563
21999,140246,12683,0.09043395177046047
22001,71268,10577,0.14841162934276253
22003,36566,5013,0.13709456872504514
22005,229017,52033,0.2272014741263749
22007,18568,3825,0.2059995691512279
22009,49842,5261,0.10555354921552104
22011,42136,5188,0.12312511866337573
22013,20303,2929,0.14426439442446928
22015,216501,24727,0.11421194359379402
22017,539247,56689,0.10512622230629007
22019,462932,87630,0.18929345994660124
22021,11064,1319,0.11921547360809834
22023,41135,31255,0.7598152424942263
22025,10193,1396,0.13695673501422545
22027,15826,3216,0.20320990774674585
22029,26256,4180,0.15920170627666058
22031,33801,10392,0.30744652525073224
22033,1298258,206552,0.15909934697109512
22035,7899,468,0.059248006076718575
22037,24242,2104,0.0867915188515799
22039,37633,3804,0.10108149762176813
22041,23556,2638,0.1119884530480557
22043,17209,4334,0.251844964843977
22045,123836,25387,0.2050050066216609
22047,77243,15959,0.20660771849876364
22049,17057,1409,0.08260538195462273
22051,918419,99811,0.10867697641272665
22053,40258,5657,0.1405186546773312
22055,645505,87340,0.13530491630583807
22057,166336,24376,0.14654674874951903
22059,23467,3328,0.14181616738398603
22061,93171,7840,0.08414635455238217
22063,145200,19023,0.13101239669421488
22065,15469,1022,0.06606761910918611
22067,32294,3172,0.09822258004582894
22069,66208,5839,0.0881917593040116
22071,928317,70727,0.0761884140869983
22073,342544,31562,0.09213998785557476
22075,57855,10440,0.18045112781954886
22077,25900,3677,0.14196911196911197
22079,279812,30993,0.11076365559732963
22081,12553,1649,0.1313630207918426
22083,31801,4238,0.13326624948900978
22085,26959,4030,0.14948625690863904
22087,50873,6843,0.13451143042478328
22089,116087,20717,0.17846098184981954
22091,7561,666,0.08808358682713927
22093,39502,2526,0.06394612930990835
22095,67909,10806,0.15912471101032263
22097,116903,13150,0.11248642036560225
22099,57805,7303,0.12633855202837124
22101,102364,17347,0.16946387401820953
22103,448502,56374,0.12569397683845335
22105,220755,17769,0.08049194808724604
22107,4259,1033,0.24254519840338107
22109,238269,40631,0.17052575030742564
22111,24368,2755,0.1130581089954038
22113,62834,11734,0.18674602921984912
22115,62978,4666,0.07408936453999809
22117,51619,6733,0.13043646719231292
22119,56436,8633,0.1529697356297399
22121,61314,13764,0.2244838046775614
22123,10532,457,0.04339156855298139
22125,27152,1933,0.07119180907483795
22127,21752,4716,0.2168076498712762
22999,154369,31187,0.20202890476714885
23001,242072,24830,0.10257278826134374
23003,129513,17247,0.13316809895531723
23005,914528,73362,0.08021842961615172
23007,51602,4815,0.09331033680865082
23009,110469,10441,0.09451520336021871
23011,299424,22515,0.07519437319653735
23013,84968,8862,0.10429808869221353
23015,54473,5341,0.09804857452315827
23017,82941,7959,0.09595977863782688
23019,345782,28808,0.08331260736533423
23021,27737,1761,0.06348920214875436
23023,80109,6594,0.08231284874358687
23025,78661,7988,0.10154968790124712
23027,56877,4521,0.07948731473178965
23029,49806,4048,0.08127534835160423
23031,366716,32759,0.08933070823198333
23999,82182,4954,0.06028084008663698
24001,137974,10577,0.07665937060605621
24003,1325957,142502,0.1074710567537258
24005,1837692,170333,0.0926885462852317
24009,109206,11403,0.10441733970660953
24011,48639,5152,0.10592323032957092
24013,282910,33950,0.12000282775440953
24015,168399,7310,0.04340880884090761
24017,201049,18946,0.09423573357738661
24019,58231,3319,0.05699713211176178
24021,507349,55307,0.10901174536660169
24023,58575,7150,0.12206572769953052
24025,462773,35520,0.07675469398603635
24027,836445,67010,0.08011285858603973
24029,37996,2789,0.07340246341720182
24031,2282432,149264,0.06539690996270645
24033,1551435,179597,0.11576185918198313
24035,75071,6094,0.08117648625967418
24037,228604,11366,0.049719165018984796
24039,32425,2914,0.08986892829606785
24041,87695,6937,0.0791037117281487
24043,314802,25871,0.08218181587156372
24045,223016,16349,0.07330864153244611
24047,120084,8556,0.0712501249125612
24510,1686192,158713,0.09412510556330478
24999,437073,8651,0.019793032285224665
25001,467045,53746,0.11507670567075978
25003,290487,26117,0.0899076378633123
25005,1110251,105732,0.0952325194933398
25007,43504,5518,0.12683891136447223
25009,1577302,132465,0.08398201485828333
25011,129497,12363,0.09546939311335398
25013,1021546,96905,0.09486112225979056
25015,320206,25505,0.07965184912212762
25017,4548601,359352,0.07900275271451596
25019,37440,5218,0.13936965811965812
25021,1696982,172396,0.1015897634742148
25023,947507,128583,0.13570664913293518
25025,3390683,192408,0.05674608920975509
25027,1718623,180531,0.1050439799769932
25999,298811,26788,0.08964864077962324
26001,8950,509,0.05687150837988827
26003,12383,739,0.059678591617540175
26005,195258,22993,0.11775701891855904
26007,56073,3645,0.06500454764325077
26009,25737,3068,0.11920581264327622
26011,20165,642,0.03183734192908505
26013,14159,478,0.0337594462885797
26015,61865,3818,0.061715024650448556
26017,166918,8557,0.05126469284319247
26019,21721,1880,0.08655218452189126
26021,294982,18641,0.06319368639442406
26023,70538,3773,0.05348889960021549
26025,263047,11406,0.043361072355890776
26027,45482,2143,0.04711754100523284
26029,50559,4628,0.09153662058189442
26031,30438,2919,0.09589986201458703
26033,61021,6776,0.11104373904065813
26035,32398,2120,0.06543613803321192
26037,83214,13612,0.1635782440454731
26039,20269,669,0.033006068380285164
26041,67270,4136,0.061483573658391556
26043,67891,11597,0.17081792873871351
26045,207927,12089,0.058140597421210326
26047,89572,7576,0.08458000267940874
26049,647966,39178,0.06046304898713822
26051,20083,2167,0.10790220584574017
26053,25011,1435,0.05737475510775259
26055,245383,19261,0.0784936201774369
26057,63115,1952,0.03092767171036996
26059,60978,2680,0.043950277149135755
26061,56123,3908,0.06963277087824955
26063,54196,3186,0.05878662631928556
26065,737672,40756,0.055249487577134555
26067,94873,9205,0.09702444320301877
26069,37747,1970,0.052189577979707
26071,17529,1275,0.07273660790689714
26073,136091,11267,0.08279019185691927
26075,278314,21688,0.07792637093354987
26077,589028,42071,0.07142444841331821
26079,20820,4240,0.20365033621517772
26081,1966996,131859,0.06703572350935132
26083,2121,87,0.04101838755304102
26085,8703,456,0.05239572561185798
26087,104236,8769,0.08412640546452281
26089,31349,2977,0.09496315671951258
26091,126900,6452,0.05084318360914106
26093,305399,22967,0.07520325868781495
26095,8685,576,0.06632124352331606
26097,22149,1256,0.056706849067678
26099,1610123,110751,0.06878418605286676
26101,34086,1880,0.055154608930352636
26103,128789,15299,0.1187912011118962
26105,50352,4429,0.08796075627581824
26107,64422,3278,0.05088323864518332
26109,35349,1291,0.036521542335002405
26111,179756,11643,0.06477113420414339
26113,17265,2387,0.1382565884737909
26115,191915,10128,0.052773363207670065
26117,78443,4328,0.055173820481113675
26119,10154,347,0.03417372464053575
26121,302480,20115,0.06650026448029622
26123,58956,3427,0.05812809552886899
26125,3570214,199972,0.056011208291715846
26127,32307,5098,0.15779861949422724
26129,29087,2754,0.09468147282291058
26131,6255,593,0.09480415667466027
26133,35813,5033,0.1405355597129534
26135,7239,469,0.06478795413731178
26137,50699,5389,0.10629400974378193
26139,630035,53227,0.0844826081090733
26141,13091,1425,0.10885341074020319
26143,26704,1526,0.05714499700419413
26145,399419,24486,0.06130404412409024
26147,213862,17604,0.08231476372614116
26149,109352,6178,0.05649645182529812
26151,51168,5106,0.0997889305816135
26153,12592,1756,0.1394536213468869
26155,75214,4333,0.057608955779509134
26157,56443,3606,0.06388746168701168
26159,104860,4429,0.04223726873927141
26161,1053114,35960,0.034146350727461604
26163,3529835,213737,0.06055155552596651
26165,67476,3389,0.05022526527950679
26999,633503,18301,0.028888576691823084
27001,20620,1521,0.07376333656644035
27003,628322,54282,0.08639200919273876
27005,72159,6800,0.09423633919538796
27007,99176,9268,0.09345002823263693
27009,86432,12809,0.14819742687893372
27011,8338,941,0.11285680019189254
27013,194216,13030,0.06709025003089344
27015,67195,3605,0.053649825135798794
27017,64564,4951,0.07668360076822997
27019,197529,13786,0.06979228366467709
27021,52590,4201,0.07988210686442289
27023,27420,1532,0.055871626549963534
27025,77806,6716,0.08631725059764028
27027,95174,5058,0.05314476642780591
27029,12891,2033,0.15770692731362967
27031,13252,779,0.05878357983700574
27033,26995,1566,0.05801074273013521
27035,145991,11529,0.07897062147666636
27037,925446,78255,0.08455922873944023
27039,29402,2809,0.09553771852254948
27041,95010,6752,0.07106620355752026
27043,22284,2226,0.09989229940764674
27045,30523,2022,0.06624512662582314
27047,58604,2639,0.04503105590062112
27049,103756,4994,0.04813215621265276
27051,9327,1567,0.16800686179907795
27053,4510270,273929,0.06073450148217291
27055,25397,2750,0.1082805055715242
27057,30299,2494,0.08231294762203373
27059,55638,3787,0.06806499155253604
27061,79016,6842,0.08659005770983091
27063,24800,1638,0.0660483870967742
27065,19252,1451,0.07536879285269063
27067,116833,6902,0.05907577482389394
27069,7339,304,0.041422537130399235
27071,21813,1324,0.06069774904873241
27073,10772,909,0.08438544374303751
27075,19718,273,0.013845217567704635
27077,8266,403,0.04875393176869102
27079,42280,3629,0.0858325449385052
27081,7920,1614,0.2037878787878788
27083,68805,3941,0.05727781411234649
27085,78460,3203,0.040823349477440735
27087,8520,441,0.05176056338028169
27089,11221,870,0.07753319668478745
27091,41362,3968,0.09593346549973406
27093,36829,3544,0.09622851557196774
27095,46187,2905,0.06289648602420594
27097,52966,4655,0.08788656874221198
27099,80570,3555,0.04412312275040338
27101,14383,1433,0.09963150942084405
27103,75154,3817,0.05078904649120473
27105,51744,3655,0.07063620902906617
27107,8004,1165,0.14555222388805597
27109,496318,28490,0.057402713582823915
27111,111991,9219,0.08231911492887821
27113,50082,1128,0.022523062178028033
27115,38879,4501,0.11576943851436508
27117,21657,1729,0.07983561896846285
27119,58780,6310,0.10734943858455256
27121,21835,946,0.04332493702770781
27123,1609221,101949,0.06335301366313266
27125,5078,291,0.05730602599448602
27127,29779,1754,0.058900567514019946
27129,27837,1203,0.0432158637784244
27131,124745,9939,0.07967453605354924
27133,17154,705,0.041098286114025884
27135,38800,1153,0.029716494845360826
27137,471139,51703,0.10974043753541948
27139,275425,32047,0.11635472451665607
27141,130576,13879,0.10629058938855532
27143,20587,4768,0.23160246757662603
27145,422564,35628,0.08431385541598432
27147,101582,3184,0.031344135772085606
27149,27185,1251,0.046018024645944455
27151,17568,1135,0.06460610200364299
27153,32078,1236,0.03853108049130245
27155,5641,756,0.13401879099450453
27157,32934,1125,0.03415922754600109
27159,27290,1899,0.06958592891168926
27161,29146,2675,0.09177931791669526
27163,439875,30569,0.0694947428246661
27165,21907,1540,0.07029716528963345
27167,8692,503,0.05786930510814542
27169,118275,4647,0.03928979074191503
27171,223580,24347,0.10889614455675821
27173,19344,1196,0.06182795698924731
27999,323284,19621,0.060692765494116625
28001,50302,3396,0.06751222615402966
28003,68551,2946,0.04297530305903634
28005,9266,892,0.0962659184113965
28007,22532,2296,0.10189952068169714
28009,5032,231,0.045906200317965024
28011,52426,3558,0.06786708884904437
28013,15418,2622,0.1700609677000908
28015,5536,884,0.1596820809248555
28017,25657,1763,0.06871419105897027
28019,10897,786,0.07212994402129026
28021,16870,110,0.006520450503852994
28023,14020,1868,0.1332382310984308
28025,27890,1298,0.046539978486912874
28027,36262,3411,0.09406541282885665
28029,32484,2269,0.06984977219554242
28031,27937,2109,0.07549128396033933
28033,327734,13247,0.04041997473560876
28035,198378,11653,0.05874139269475446
28037,7472,143,0.019138115631691648
28039,24415,1906,0.07806676223633012
28041,9324,967,0.10371085371085371
28043,50823,1887,0.037128858981169945
28045,68785,4231,0.06151050374354874
28047,424069,28168,0.06642315283597716
28049,576908,34023,0.058974741206570196
28051,15877,918,0.05781948730868552
28053,10723,1316,0.12272684882961858
28055,907,28,0.030871003307607496
28057,29545,2994,0.10133694364528685
28059,244503,19947,0.08158182108194992
28061,20058,1577,0.07862199621098813
28063,4875,626,0.1284102564102564
28065,7573,1166,0.15396804436815
28067,133653,12335,0.09229123177182705
28069,9235,1392,0.1507309149972929
28071,119686,4495,0.037556606453553465
28073,97191,6869,0.07067526828615818
28075,159811,8427,0.052731038539274515
28077,12205,902,0.07390413764850472
28079,25637,1346,0.05250224285212778
28081,269398,9934,0.036874809761022725
28083,71703,6682,0.0931899641577061
28085,61750,4884,0.07909311740890689
28087,123187,9235,0.07496732609772135
28089,272883,12087,0.044293708292564946
28091,39902,7189,0.18016640769886222
28093,43861,2812,0.06411162536193885
28095,49010,5227,0.10665170373393185
28097,11530,872,0.07562879444926279
28099,58773,4483,0.07627652153199599
28101,27224,2141,0.07864384366735233
28103,11828,872,0.0737233682786608
28105,100751,2960,0.029379360998898273
28107,50491,3762,0.07450832821690995
28109,52798,3128,0.05924466835864995
28111,10935,836,0.07645176040237768
28113,73067,4514,0.06177891524217499
28115,61393,1628,0.0265176811688629
28117,37079,2169,0.058496723212600125
28119,4902,117,0.02386780905752754
28121,313190,26656,0.08511127430633161
28123,65678,2837,0.04319559060872743
28125,5480,926,0.16897810218978102
28127,35548,2379,0.06692359626420614
28129,13634,363,0.026624614933255096
28131,22873,1118,0.04887859047785599
28133,40073,3710,0.09258103960272503
28135,13201,1061,0.08037269903795168
28137,27808,921,0.033119965477560416
28139,32712,2410,0.073673269748104675
28141,31915,2307,0.07228575904746984
28143,32930,2043,0.06204069237777103
28145,56006,1476,0.02635431918008785
28147,11930,868,0.07275775356244761
28149,96035,3011,0.03135315249648565
28151,78762,2995,0.03802595160102588
28153,24135,2376,0.09844623990055935
28155,9889,846,0.08554960056628577
28157,7801,352,0.045122420202538135
28159,24719,1918,0.0775921356041911
28161,13775,740,0.05372050816696915
28163,30714,5150,0.16767597838119425
28999,197353,24707,0.12519191499495827
29001,48541,2363,0.04868049689952823
29003,13142,1563,0.11893166945670369
29005,8238,1215,0.1474872541879097
29007,42579,3210,0.07538927640386106
29009,70095,4305,0.061416648833725655
29011,16322,1768,0.10832005881632153
29013,17932,1536,0.08565692616551417
29015,17660,1023,0.057927519818799546
29017,8950,577,0.06446927374301675
29019,469864,27455,0.05843180154257402
29021,228835,17977,0.07855878689885726
29023,90339,5881,0.06509923731721626
29025,9344,882,0.09439212328767123
29027,72614,6003,0.0826700085382984
29029,82217,8521,0.10364036634759234
29031,203459,14730,0.07239787868808949
29033,11922,2191,0.18377788961583627
29035,7534,312,0.04141226440138041
29037,137115,16917,0.12337818619407068
29039,15664,1153,0.07360827374872318
29041,9236,1135,0.12288869640537028
29043,90159,10983,0.12181812131900309
29045,7042,302,0.042885543879579664
29047,521364,42624,0.0817547816880337
29049,20270,2207,0.10888011840157868
29051,261517,32527,0.12437814750092728
29053,23716,2373,0.1000590318772137
29055,33373,1704,0.051059239504989064
29057,8405,819,0.09744199881023201
29059,12441,589,0.04734346113656458
29061,7869,771,0.0979794128860084
29063,14137,1226,0.08672278418334865
29065,19212,1044,0.05434103685196752
29067,11957,732,0.0612193694070419
29069,43838,3774,0.08608969387289567
29071,191736,19676,0.10262026953728043
29073,26296,963,0.036621539397627016
29075,10699,669,0.06252920833722778
29077,841155,59423,0.07064453043731536
29079,14821,812,0.054787126374738544
29081,12311,342,0.02778003411583137
29083,36946,2119,0.057353976073187894
29085,6567,247,0.037612303943962234
29087,6213,266,0.04281345565749235
29089,12488,602,0.04820627802690583
29091,75286,4011,0.05327683765906012
29093,16896,1609,0.09522964015151515
29095,1827880,174985,0.09573112020482745
29097,286102,21874,0.07645525022544407
29099,236244,30235,0.1279820863175361
29101,77530,6164,0.07950470785502387
29103,4600,190,0.041304347826086954
29105,68372,3542,0.05180483238752706
29107,42591,5092,0.11955577469418421
29109,43168,3541,0.0820283543365456
29111,12220,732,0.05990180032733224
29113,59248,9075,0.15316972724817715
29115,19171,965,0.05033644567315216
29117,31213,2040,0.0653573831416397
29119,34371,3133,0.09115242500945564
29121,24666,2153,0.08728614286872619
29123,18104,1724,0.09522757401679187
29125,6218,82,0.013187520102926986
29127,65000,4422,0.06803076923076923
29129,8090,196,0.0242274412855377
29131,36975,4689,0.12681541582150102
29133,17205,2954,0.17169427492008138
29135,20769,3581,0.17242043430112186
29137,8800,616,0.07
29139,14794,2289,0.15472488846829796
29141,22207,2069,0.09316882064213987
29143,36488,932,0.025542644156983117
29145,101142,7176,0.07094975381147298
29147,39005,2589,0.06637610562748365
29149,11101,199,0.01792631294477975
29151,20111,1618,0.0804534831684153
29153,7335,427,0.05821404226312202
29155,25920,2213,0.08537808641975309
29157,46534,3977,0.08546439162762712
29159,94878,5100,0.05375324100423702
29161,91870,7052,0.07676064003483182
29163,26408,2202,0.08338382308391397
29165,228729,17777,0.07772079622610163
29167,44370,2085,0.04699121027721433
29169,64931,2938,0.04524803252683618
29171,4569,223,0.0488071788137448
29173,17470,911,0.052146536920435034
29175,46936,3401,0.07246037156979718
29177,20188,1839,0.09109371904101446
29179,9448,128,0.013547840812870448
29181,13618,482,0.035394331032457045
29183,755786,66003,0.08733027603051657
29185,7894,314,0.03977704585761338
29186,28679,3865,0.1347675999860525
29187,113058,8947,0.07913637248138124
29189,2956965,235515,0.07964754401895187
29195,42943,3533,0.08227184872971148
29197,2860,289,0.10104895104895105
29199,5709,143,0.025048169556840076
29201,77949,6881,0.08827566742357182
29203,7347,173,0.02354702599700558
29205,8743,522,0.059704906782568914
29207,50859,3417,0.06718574883501445
29209,33443,3652,0.10920072959961726
29211,11829,453,0.038295713923408574
29213,138493,6389,0.046132295495079176
29215,27584,1585,0.05746084686774942
29217,33587,1874,0.05579539702861226
29219,37805,4217,0.1115460917868007
29221,24228,2009,0.08292058774971107
29223,11660,516,0.04425385934819897
29225,39892,3605,0.09036899628998295
29227,1835,109,0.05940054495912807
29229,20666,1446,0.06996999903222685
29510,1109518,47380,0.042703227888146025
29999,450529,28069,0.062302315722184365
30001,19503,2554,0.1309542121724863
30003,19543,3334,0.17059816814204576
30005,6869,573,0.08341825593245014
30007,6951,815,0.11724931664508703
30009,13880,2369,0.1706772334293948
30011,1339,89,0.06646751306945482
30013,175839,16476,0.09369934997355535
30015,5918,307,0.05187563366002028
30017,26246,2432,0.09266173893164673
30019,2924,81,0.027701778385772913
30021,17702,1302,0.07355101118517682
30023,15718,770,0.04898842091869195
30025,6364,1795,0.2820553111250786
30027,22816,2390,0.10475105189340814
30029,224693,24545,0.10923793798649713
30031,308787,39397,0.12758632973538395
30033,1587,174,0.10964083175803403
30035,20012,1425,0.07120727563461923
30037,969,52,0.053663570691434466
30039,4537,616,0.13577253691866872
30041,33235,2795,0.08409808936362269
30043,11986,2352,0.19622893375604872
30045,2467,446,0.18078638021888935
30047,45684,4026,0.08812713422642501
30049,182260,15659,0.0859157247887633
30051,2553,99,0.038777908343125736
30053,27946,3709,0.13272024618907893
30055,2538,167,0.06579984239558707
30057,21580,2694,0.12483781278962001
30059,3241,34,0.010490589324282628
30061,5907,351,0.05942102590147283
30063,304949,26733,0.08766383887141785
30065,6171,980,0.15880732458272565
30067,31279,2681,0.08571245883819816
30069,435,11,0.02528735632183908
30071,6175,470,0.07611336032388664
30073,7984,1012,0.12675350701402804
30075,2498,34,0.013610888710968775
30077,11865,1043,0.08790560471976401
30079,1459,332,0.227553118574366
30081,61709,7672,0.12432546306049361
30083,26141,5410,0.206954592402739
30085,17290,1025,0.05928282244071718
30087,18204,4350,0.23895847066578774
30089,15027,1805,0.12011712251281027
30091,6339,587,0.09260135668086449
30093,78106,4735,0.060622743451207335
30095,17494,785,0.044872527723791016
30097,7767,526,0.06772241534698081
30099,8498,603,0.07095787244057425
30101,9079,1456,0.16037008481110254
30103,1018,91,0.0893909626719057
30105,14678,954,0.06499523095789617
30107,2985,493,0.16515912897822446
30109,1253,33,0.026336791699920193
30111,411674,43214,0.10497140941618854
30999,55070,7731,0.14038496459052116
31001,76169,6152,0.08076776641415799
31003,11276,1421,0.12601986520042568
31005,446,10,0.02242152466367713
31007,562,102,0.18149466192170818
31009,627,136,0.21690590111642744
31011,11803,2562,0.21706345844276878
31013,18323,1983,0.1082246357037603
31015,2836,98,0.03455571227080395
31017,6453,1237,0.19169378583604524
31019,134298,10191,0.07588348300049144
31021,8995,1263,0.14041133963312952
31023,12708,442,0.034781240163676425
31025,28743,2395,0.08332463556344154
31027,13169,1213,0.09211025894145342
31029,9049,2137,0.23615869156812908
31031,11258,1831,0.1626399005151892
31033,20328,886,0.04358520267611177
31035,11255,1043,0.09266992447800977
31037,24934,89,0.0035694232774524746
31039,18632,1159,0.062204808930871616
31041,22398,3483,0.15550495579962498
31043,62732,3209,0.051154115921698655
31045,15309,683,0.044614279182180416
31047,57482,2531,0.04403117497651439
31049,2665,26,0.00975609756097561
31051,8783,672,0.07651144255948993
31053,88383,5750,0.06505775997646607
31055,1676602,123159,0.07345750512047582
31057,2792,383,0.13717765042979943
31059,10998,1365,0.12411347517730496
31061,3712,483,0.13011853448275862
31063,4063,733,0.18040856509968003
31065,9434,882,0.09349162603349587
31067,43580,2355,0.05403854979348325
31069,2555,380,0.1487279843444227
31071,3988,161,0.04037111334002006
31073,2201,235,0.10676965015901863
31075,1426,688,0.48246844319775595
31077,3098,531,0.17140090380890896
31079,171541,12023,0.07008820048851296
31081,17966,1713,0.09534676611377045
31083,4223,116,0.027468624200805116
31085,991,131,0.13218970736629668
31087,3408,541,0.15874413145539906
31089,21543,3261,0.15137167525414288
31091,1685,50,0.02967359050445104
31093,7906,435,0.055021502656210475
31095,16493,1005,0.060934942096647064
31097,7266,665,0.09152215799614644
31099,10761,1052,0.09776043118669268
31101,16290,633,0.03885819521178637
31103,677,162,0.23929098966026588
31105,6978,794,0.11378618515333906
31107,14396,1540,0.10697415948874688
31109,846301,72627,0.0858169847371089
31111,71449,6227,0.08715307422077286
31113,956,236,0.24686192468619247
31115,597,22,0.03685092127303183
31117,336,7,0.020833333333333332
31119,108362,8157,0.07527546556911094
31121,11119,1173,0.10549509848007914
31123,7511,316,0.04207162827852483
31125,4852,199,0.04101401483924155
31127,14911,1175,0.07880088525249816
31129,7543,398,0.052764152194087234
31131,30896,2896,0.09373381667529777
31133,3680,68,0.018478260869565218
31135,5724,930,0.16247379454926625
31137,23316,587,0.025175844913364213
31139,9631,1466,0.1522167999169349
31141,95877,6537,0.06818110704339936
31143,7233,412,0.0569611502834232
31145,24667,2276,0.09226902339157579
31147,12130,551,0.04542456718878813
31149,2336,144,0.06164383561643835
31151,34166,1132,0.03313235380202541
31153,361424,41212,0.11402673867811766
31155,27418,3202,0.11678459406229484
31157,80219,6094,0.07596704022737756
31159,29463,3365,0.11421104436072362
31161,8526,153,0.017945109078114006
31163,3784,360,0.09513742071881606
31165,815,254,0.3116564417177914
31167,6653,126,0.018938824590410342
31169,11276,1340,0.11883646683221
31171,1268,26,0.02050473186119874
31173,15189,716,0.047139377180854564
31175,8889,621,0.06986162672966588
31177,38496,4528,0.11762261014131338
31179,21111,1248,0.05911610061105585
31181,5137,184,0.03581857115047693
31183,1481,722,0.487508440243079
31185,37472,1866,0.04979718189581554
31999,130043,14024,0.10784125250878555
32001,42426,6409,0.15106302738886532
32003,4939133,451858,0.09148528699267665
32005,95602,8633,0.09030145812849104
32007,110168,22163,0.2011745697480212
32009,1376,267,0.19404069767441862
32011,21955,4297,0.195718515144614
32013,38440,13253,0.3447710718002081
32015,17547,4396,0.2505271556391406
32017,6504,211,0.032441574415744155
32019,64598,11237,0.1739527539552308
32021,8265,972,0.1176043557168784
32023,62876,12655,0.20126916470513392
32027,9801,4372,0.4460769309254158
32029,91785,4363,0.04753500027237566
32031,1116258,121984,0.1092793959819325
32033,21334,7598,0.3561451204649855
32510,150442,14520,0.09651560069661398
32999,76469,1478,0.019328093737331468
33001,126082,10368,0.08223219809330436
33003,96400,7337,0.07610995850622407
33005,155370,10920,0.07028383857887623
33007,57862,6142,0.1061491134077633
33009,264613,12575,0.047522230578240676
33011,1000610,67915,0.06787359710576549
33013,377143,40157,0.10647685360725243
33015,742081,55780,0.07516699659471136
33017,237165,9108,0.03840364303333123
33019,67826,4109,0.060581487924984516
33999,143387,5884,0.04103579822438575
34001,604787,51449,0.08506961955200756
34003,2127989,127241,0.059794012093107626
34005,992253,60890,0.06136539773626283
34007,991283,81011,0.0817233827272333
34009,203632,17054,0.08374911605248683
34011,291164,40115,0.13777458751768762
34013,1645753,117821,0.07159093740069135
34015,565479,41640,0.07363668677351413
34017,1305137,58359,0.0447148460276584
34019,227143,20042,0.08823516463197192
34021,1271413,130163,0.10237664708477891
34023,2103877,143887,0.06839135557829663
34025,1283701,108448,0.08448073188382653
34027,1432572,86390,0.06030412433022564
34029,843886,68738,0.08145413006022141
34031,805689,53159,0.06597955290440853
34033,102518,8767,0.08551668975204355
34035,922919,50156,0.0543449641842892
34037,184591,15016,0.08134741130390973
34039,1107688,79562,0.07182708488310788
34041,157813,9144,0.057941994639224906
34999,768063,33335,0.043401387646586284
35001,1637888,166571,0.101698650945608
35003,3309,306,0.09247506799637353
35005,104954,16964,0.16163271528479142
35006,36297,4553,0.12543736396947405
35007,21527,2987,0.13875598086124402
35009,85400,14410,0.16873536299765807
35011,2163,269,0.12436430883032824
35013,362403,50961,0.1406196968568141
35015,152267,58871,0.38663006429495556
35017,44227,3796,0.08582992289777737
35019,7034,514,0.0730736423087859
35021,779,156,0.20025673940949937
35023,7655,2084,0.2722403657740039
35025,150517,56271,0.3738514586392235
35027,31837,3141,0.09865879322800515
35028,88299,2602,0.029468057395893497
35029,37838,7863,0.20780696654157196
35031,99378,5724,0.05759826118456801
35033,3358,161,0.04794520547945205
35035,86107,10077,0.11702881298849106
35037,12527,2077,0.16580186796519517
35039,47179,5136,0.10886199368363043
35041,29394,4986,0.1696264543784446
35043,152777,14129,0.09248119808609935
35045,222393,52196,0.2347016317959648
35047,38482,3824,0.09937113455641598
35049,298420,31440,0.10535486897661014
35051,17089,1903,0.1113581836268945
35053,24907,1308,0.05251535712851809
35055,52385,5552,0.10598453755846139
35057,16307,1698,0.10412706199791501
35059,6351,507,0.07982994803967879
35061,77183,14990,0.19421375173289454
35999,111729,18972,0.1698037215047123
36001,1128190,90131,0.07988991216018579
36003,63652,3666,0.05759441965688431
36005,1566067,165162,0.10546292080734733
36007,407329,23008,0.05648505262330941
36009,138110,6794,0.04919267250742162
36011,122931,12278,0.09987716686596546
36013,231126,17704,0.07659891141628376
36015,168734,15801,0.09364443443526498
36017,83888,3396,0.040482548159450696
36019,164256,19762,0.1203121955971167
36021,104531,8147,0.07793860194583425
36023,87187,4430,0.05081032722768303
36025,71044,4316,0.06075108383536963
36027,542963,52385,0.09647987063575235
36029,2252955,152467,0.06767423228604211
36031,69933,8347,0.11935709893755451
36033,86574,12729,0.1470302862291219
36035,80367,4309,0.05361653414958876
36037,113614,10994,0.09676624359673984
36039,70671,10666,0.15092470744718484
36041,8447,590,0.06984728305907423
36043,80234,5579,0.06953411272029314
36045,196702,17638,0.0896686358044148
36047,3898095,359777,0.0922955956691666
36049,32170,1872,0.05819086105066833
36051,97883,7406,0.07566175944750365
36053,102748,5425,0.05279908124732355
36055,1867515,116241,0.062243676757616405
36057,93280,5183,0.05556389365351629
36059,3038206,233867,0.07697535980114581
36061,11757954,499756,0.04250365327164913
36063,343049,25520,0.07439170497509102
36065,505999,32449,0.06412858523435817
36067,1190571,90479,0.07599630765405843
36069,255441,21826,0.08544438833233506
36071,719333,60522,0.084136276244799
36073,57550,6835,0.11876629018245004
36075,160847,19653,0.12218443614117765
36077,111344,4105,0.03686772524788044
36079,127604,15259,0.1195808908811636
36081,3418944,506666,0.14819371127459238
36083,267469,25010,0.09350616333107763
36085,627675,83504,0.13303700163301072
36087,629878,54862,0.08709940655174495
36089,172836,19081,0.11039945381749172
36091,432654,32820,0.07585738257360385
36093,292874,17936,0.06124135293675779
36095,42151,3699,0.08775592512633153
36097,24043,1861,0.0774029863161835
36099,56861,6802,0.11962505056189655
36101,177596,8253,0.04647064123065835
36103,3207263,322978,0.10070206278686843
36105,140300,14752,0.10514611546685673
36107,64092,3777,0.05893091181426699
36109,239820,7597,0.03167792511049954
36111,288134,30856,0.10708906272775862
36113,180865,10278,0.05682691510242446
36115,74408,11955,0.16066820771960005
36117,139474,9213,0.06605532213889327
36119,2055523,199399,0.09700645529142705
36121,66585,2500,0.03754599384245701
36123,34264,2043,0.05962526266635536
36999,809835,58666,0.07244191718066026
37001,309827,18256,0.05892320553082849
37003,45828,2367,0.0516496465043205
37005,16126,852,0.05283393277936252
37007,34773,2194,0.06309492997440543
37009,36053,3963,0.10992150445177933
37011,33651,3063,0.09102255505036998
37013,78521,3808,0.048496580532596374
37015,27383,794,0.02899609246612862
37017,66139,5328,0.08055761351093908
37019,170299,19130,0.11233183988161997
37021,656559,43338,0.06600777690961512
37023,145544,5058,0.0347523772879679
37025,389355,25057,0.06435515146845423
37027,124817,5347,0.04283871588004839
37029,5899,967,0.16392608916765553
37031,117366,8795,0.0749365233542934
37033,14371,1889,0.1314452717277851
37035,436695,17835,0.0408408614708206
37037,77876,6658,0.0854948893112127
37039,39425,2608,0.06615091946734306
37041,23385,1625,0.06948898866794954
37043,10154,1030,0.10143785700216663
37045,176018,10505,0.05968139622084105
37047,76895,4645,0.06040704857272904
37049,196112,9480,0.04833972423921025
37051,593681,36717,0.06184634509105058
37053,35869,3158,0.08804259945914299
37055,95697,6018,0.06288598388664221
37057,220087,12814,0.058222430220776326
37059,64559,4580,0.07094285847054632
37061,93524,14486,0.1548907232368162
37063,1078478,40882,0.03790712467013699
37065,78764,3769,0.047851810471789144
37067,936283,47674,0.050918365494193527
37069,61551,6565,0.1066595181231824
37071,369041,26839,0.07272633664010232
37073,7455,861,0.11549295774647887
37075,9967,2057,0.20638105748971605
37077,103014,11282,0.10951909449201079
37079,21727,3426,0.15768398766511713
37081,1400256,115755,0.08266702660085012
37083,75250,6075,0.08073089700996677
37085,129545,10273,0.07930062912501447
37087,86996,4989,0.05734746425122994
37089,197474,15369,0.0778279672260652
37091,43972,3007,0.06838442645319749
37093,42779,2094,0.048949250800626475
37095,8849,1353,0.15289863261385467
37097,382095,30122,0.0788337978774912
37099,69615,3734,0.05363786540257128
37101,260029,27986,0.10762645704902145
37103,8106,1413,0.17431532198371577
37105,127523,7888,0.06185550841808929
37107,141224,9504,0.06729734322777998
37109,122970,10083,0.08199560868504513
37111,78426,4231,0.05394894550276694
37113,56633,5200,0.09181925732346864
37115,19517,1398,0.07162986114669263
37117,31624,2710,0.08569440930938528
37119,3579945,256924,0.07176758302152687
37121,23196,1300,0.05604414554233488
37123,45404,3054,0.0672627962294071
37125,180539,10265,0.056857521089626065
37127,196406,11483,0.05846562732299421
37129,587369,52277,0.08900197320594039
37131,26410,2369,0.08970087088224157
37133,247582,15531,0.06273073163638714
37135,363789,12115,0.03330227137159177
37137,16965,1622,0.09560860595343354
37139,75974,3842,0.05056993181878011
37141,64750,6326,0.0976988416988417
37143,10919,1379,0.12629361663155966
37145,47872,5230,0.10924966577540107
37147,383950,23152,0.06029951816642792
37149,25326,1906,0.07525862749743346
37151,219313,15106,0.06887872583932553
37153,67683,5874,0.08678693320331546
37155,190957,10371,0.054310656325769674
37157,121861,8104,0.06650199817825227
37159,242185,20516,0.0847121002539381
37161,90824,6424,0.07073020347044834
37163,89077,14657,0.1645430358004872
37165,57944,3131,0.054034930277509316
37167,95908,7496,0.07815823497518455
37169,37434,3712,0.09916119036170326
37171,140127,17282,0.12333097832680354
37173,50871,1168,0.022960036169919994
37175,45904,3673,0.08001481352387592
37177,5123,1069,0.20866679679875072
37179,325867,42087,0.129153918623242
37181,70416,2427,0.03446659850034083
37183,2887124,270468,0.0936807702059212
37185,15000,1641,0.1094
37187,15714,1271,0.08088328878706885
37189,117860,7513,0.063745121330392
37191,204428,12090,0.059140626528655565
37193,102731,5001,0.04868053460007203
37195,177738,15425,0.08678504315340557
37197,49056,4587,0.09350538160469667
37199,21956,1903,0.08667334669338678
37999,760263,39030,0.0513374976817233
38001,4433,171,0.038574328896909545
38003,22216,1415,0.06369283399351819
38005,9582,469,0.04894594030473805
38007,2714,19,0.007000736919675755
38009,11812,2248,0.19031493396545884
38011,7120,728,0.10224719101123596
38013,3323,531,0.15979536563346375
38015,279685,26643,0.09526073976080233
38017,596464,49347,0.0827325706161646
38019,6558,739,0.11268679475449832
38021,8786,1013,0.11529706351012975
38023,3771,168,0.04455051710421639
38025,10039,3619,0.3604940731148521
38027,3583,289,0.08065866592241139
38029,4671,264,0.056518946692357096
38031,7742,444,0.05734952208731594
38033,3084,66,0.021400778210116732
38035,195069,16165,0.08286811333425609
38037,2867,151,0.05266829438437391
38039,4002,215,0.053723138430784606
38041,3510,297,0.08461538461538462
38043,3442,116,0.0337013364323068
38045,6618,653,0.09867029313992143
38047,3069,213,0.06940371456500488
38049,6423,831,0.1293787949556282
38051,5005,464,0.09270729270729271
38053,51956,15072,0.2900916159827546
38055,16887,1146,0.06786285308225262
38057,20929,9847,0.470495484734101
38059,57784,6171,0.10679426830956666
38061,27717,6503,0.23462135151711946
38063,4862,572,0.11764705882352941
38065,3535,268,0.07581329561527582
38067,16958,3528,0.20804340134449817
38069,8089,540,0.0667573247620225
38071,27900,1473,0.05279569892473118
38073,10003,368,0.0367889633110067
38075,3585,290,0.08089260808926081
38077,38311,2203,0.05750306700425465
38079,21415,1290,0.06023815082885828
38081,16455,937,0.05694317836523853
38083,1155,59,0.05108225108225108
38085,7411,158,0.021319659964917016
38087,573,220,0.38394415357766143
38089,92534,22608,0.2443210063328074
38091,2806,679,0.2419814682822523
38093,53703,4066,0.07571271623559206
38095,3497,460,0.1315413211323992
38097,16858,973,0.05771740419978645
38099,24007,901,0.03753072020660641
38101,153723,21000,0.13660935578930936
38103,7113,298,0.04189512160832279
38105,129688,51917,0.40032231201036333
38999,13122,2574,0.19615912208504802
39001,30080,2737,0.0909906914893617
39003,246269,18410,0.07475565337090742
39005,94205,6041,0.0641261079560533
39007,148643,11010,0.07407008739059356
39009,102509,6304,0.06149703928435552
39011,105836,6970,0.06585660833742772
39013,105664,14987,0.14183638703815868
39015,39014,2268,0.058132977905367304
39017,766537,59404,0.07749658529203418
39019,29718,3362,0.11313008950804226
39021,52038,2485,0.047753564702717244
39023,232186,13465,0.05799229927730354
39025,294535,24911,0.0845773846911233
39027,89549,3694,0.04125115858356877
39029,143354,14180,0.09891597025545154
39031,48453,4285,0.08843621653973954
39033,62397,4199,0.06729490199849351
39035,3536837,241408,0.06825533661856625
39037,90460,6258,0.06917974795489719
39039,74988,4186,0.05582226489571665
39041,445196,24337,0.05466581011509537
39043,178463,9335,0.05230776127264475
39045,216930,20221,0.09321440095883465
39047,54564,3159,0.05789531559269848
39049,3756445,306883,0.08169506009005856
39051,89564,5651,0.06309454691617168
39053,54302,6329,0.11655187654230047
39055,174392,14566,0.08352447359970641
39057,377413,14323,0.03795046805488947
39059,72744,7448,0.10238645111624327
39061,2534855,201495,0.07948975385179823
39063,223724,9803,0.04381738213155495
39065,39734,1887,0.04749081391251825
39067,17728,1819,0.10260604693140794
39069,52772,4414,0.08364284090047752
39071,52255,3950,0.07559085254999522
39073,33259,2534,0.07618990348477105
39075,100732,14608,0.1450184648373903
39077,104199,11373,0.10914692079578499
39079,50219,4401,0.08763615364702602
39081,102068,9758,0.09560293137908062
39083,99149,8347,0.08418642648942501
39085,469122,41505,0.08847378720247612
39087,65955,4013,0.060844515199757414
39089,337822,30252,0.08955011810953697
39091,94112,4714,0.05008925535532132
39093,479074,43770,0.09136375591244776
39095,1002159,78149,0.07798063979867466
39097,95108,11768,0.12373301930436977
39099,470455,46812,0.09950367197712852
39101,120004,6508,0.054231525615812806
39103,298694,26540,0.08885347546318306
39105,17907,1826,0.10197129614117384
39107,99522,7027,0.07060750386849139
39109,202372,14156,0.0699503883936513
39111,14649,2919,0.19926274831046487
39113,1237434,95307,0.077019865301907
39115,13508,850,0.06292567367485934
39117,26286,3246,0.12348778817621547
39119,166768,14462,0.08671927468099395
39121,14721,1889,0.12832008695061478
39123,67649,6378,0.09428077281260624
39125,23723,886,0.03734772162036842
39127,31164,4447,0.14269670132203824
39129,70553,14266,0.20220259946423255
39131,48568,2428,0.04999176412452644
39133,268178,18528,0.06908844125916369
39135,54142,3383,0.0624838387942817
39137,59146,5696,0.09630406113684781
39139,243153,23889,0.09824678288978544
39141,144716,14712,0.10166118466513724
39143,125144,7096,0.05670267851435147
39145,116926,6849,0.05857550929647812
39147,94708,8675,0.09159733074291507
39149,134491,10218,0.07597534407506822
39151,776325,64272,0.08279006859240653
39153,1299372,103254,0.07946454133227436
39155,311126,25389,0.0816035946851115
39157,180563,17056,0.09446010533719533
39159,165984,8569,0.05162545787545787
39161,56179,3215,0.05722778974349846
39163,11277,468,0.041500399042298484
39165,478763,33533,0.0700409179489643
39167,123335,13912,0.11279847569627438
39169,237250,22398,0.09440674394099052
39171,84396,4143,0.049090004265605
39173,337161,37427,0.11100631449070325
39175,47731,6426,0.13462948607823008
39999,667160,24192,0.036261166736614905
40001,22506,1076,0.04780947302941438
40003,6894,738,0.10704960835509138
40005,16316,1138,0.06974748712919833
40007,7301,2587,0.3543350225996439
40009,45978,13741,0.2988603245030232
40011,15250,2279,0.14944262295081967
40013,96423,4425,0.04589154040011201
40015,36834,7263,0.19718195145789216
40017,175131,28574,0.16315786468415072
40019,114115,14098,0.12354204092362968
40021,80231,5337,0.06652042228066458
40023,21288,2371,0.1113773017662533
40025,3826,46,0.012023000522739153
40027,424248,38690,0.0911966585582018
40029,5954,901,0.15132683909976485
40031,203953,13357,0.06549057871176202
40033,8052,504,0.06259314456035768
40035,25841,1963,0.07596455245540033
40037,94372,14056,0.14894248293985504
40039,62201,10080,0.16205527242327294
40041,45417,3360,0.0739811083955347
40043,8760,2646,0.30205479452054795
40045,5805,390,0.06718346253229975
40047,118602,14112,0.11898618910305053
40049,48519,8631,0.17788907438323132
40051,62939,12243,0.19452167972163523
40053,6739,1771,0.2627986348122867
40055,4681,219,0.0467848750267037
40057,3167,347,0.10956741395642564
40059,5368,1565,0.2915424739195231
40061,16655,1968,0.11816271389972981
40063,14692,1826,0.12428532534712769
40065,46851,3246,0.06928347313824679
40067,5383,394,0.07319338658740479
40069,15788,1700,0.1076767164935394
40071,87501,9722,0.1111073016308385
40073,33273,8417,0.252967871848045
40075,9446,1825,0.19320347236925683
40077,11736,1603,0.13658827539195637
40079,60988,6043,0.09908506591460615
40081,33893,5286,0.1559614079603458
40083,38287,6292,0.164337764776556
40085,29171,727,0.024922011586849955
40087,49008,10849,0.22137202089454783
40089,57471,4442,0.07729115553931548
40091,20964,894,0.04264453348597596
40093,11350,2474,0.2179735682819383
40095,22014,920,0.04179158717179977
40097,63797,5931,0.09296675392259825
40099,27054,2589,0.09569749390108671
40101,146510,13507,0.09219165927240461
40103,23126,1472,0.06365130156533771
40105,9083,748,0.0823516459319608
40107,11721,1186,0.10118590563945055
40109,2293092,247213,0.10780771116030233
40111,47274,4172,0.08825147015272666
40113,32358,4341,0.13415538661227516
40115,61521,4366,0.07096763706701777
40117,17027,1131,0.06642391495859518
40119,165082,13756,0.08332828533698404
40121,77961,8307,0.10655327663831916
40123,94477,6384,0.06757200165119553
40125,110805,6353,0.057334957808763146
40127,12723,972,0.07639707616128272
40129,4395,340,0.07736063708759955
40131,131988,16079,0.12182168075885687
40133,35703,4198,0.11758115564518387
40135,45984,4591,0.09983907446068198
40137,72032,7531,0.10455075521990227
40139,47544,10285,0.21632592966515227
40141,8231,315,0.03826995504798931
40143,1767679,179480,0.10153427177671964
40145,46641,7076,0.15171201303574108
40147,93918,19455,0.20714878936944994
40149,9735,1799,0.18479712378017463
40151,16858,2802,0.1662118875311425
40153,41347,11361,0.27477205117662706
40999,117749,14395,0.12225156901544812
41001,28089,3916,0.13941400548257324
41003,185911,13812,0.07429361361081378
41005,830697,109774,0.13214685980568125
41007,92081,6620,0.07189322444369631
41009,58085,6887,0.11856761642420591
41011,113912,12202,0.10711777512465763
41013,32807,4458,0.13588563416344074
41015,32852,2901,0.08830512601972483
41017,424285,57518,0.1355645379874377
41019,191370,22169,0.11584365365522287
41021,4508,542,0.12023070097604259
41023,12529,1861,0.14853539787692555
41025,12814,2116,0.1651318869985953
41027,69309,15247,0.2199858604221674
41029,444847,55590,0.12496431357298127
41031,34148,2107,0.06170200304556636
41033,143153,8901,0.06217822888797301
41035,114675,12989,0.11326793110965773
41037,12881,1625,0.12615480164583495
41039,767937,74656,0.09721630810860787
41041,89464,6033,0.06743494590002683
41043,237022,34174,0.1441807089637249
41045,64051,3926,0.0612949056220824
41047,787388,145987,0.18540668641127372
41049,30827,1515,0.049145229830992315
41051,2491523,231878,0.09306677080645051
41053,103627,8480,0.08183195499242475
41055,4562,649,0.14226216571679087
41057,47941,6618,0.1380446799190672
41059,155554,33291,0.21401571158568727
41061,50685,4025,0.07941205484857453
41063,13202,2199,0.1665656718678988
41065,57250,3795,0.0662882096069869
41067,1481933,132287,0.08926651879673372
41069,1561,168,0.10762331838565023
41071,182637,33038,0.18089434232931992
41999,136187,9619,0.07063082379375418
42001,169484,14177,0.08364801397182035
42003,3358327,234880,0.06993958599028624
42005,79231,10109,0.1275889487700521
42007,262085,40197,0.15337390541236623
42009,77351,6558,0.0847823557549353
42011,844095,70089,0.0830344925630409
42013,285341,18647,0.06534987961772055
42015,110426,9835,0.08906416967018636
42017,1295602,110030,0.08492577195774628
42019,423467,34756,0.08207487242217221
42021,242132,18439,0.07615267705218641
42023,8908,183,0.020543331836551413
42025,77306,3562,0.0460766305332057
42027,331351,26032,0.07856321544223498
42029,1226012,102773,0.08382707510203816
42031,62621,5341,0.08529087686239441
42033,146276,12640,0.0864119882960978
42035,63289,6306,0.09963816777007063
42037,120096,7815,0.06507294164668265
42039,145203,9110,0.06273975055611798
42041,668228,38607,0.05777519050384001
42043,906466,68463,0.07552737775051684
42045,1088655,99341,0.09125113098272639
42047,69318,3474,0.05011685276551545
42049,588135,35662,0.060635738393396074
42051,189097,16252,0.08594530849246683
42053,9543,147,0.015403961018547626
42055,293706,22301,0.0759296711677664
42057,26731,1808,0.06763682615689649
42059,60014,13020,0.21694937847835505
42061,61393,11296,0.1839949179873927
42063,140877,17939,0.12733803246803949
42065,75574,6599,0.0873183899224601
42067,33362,1657,0.04966728613392483
42069,472172,29734,0.06297281499114729
42071,1204171,127353,0.10575989622736305
42073,137425,12874,0.09368018919410588
42075,250811,13361,0.05327118826526747
42077,956609,40993,0.04285240887342687
42079,707213,48530,0.06862147613236748
42081,246652,20836,0.0844752931255372
42083,71116,7481,0.1051943303897857
42085,219088,13989,0.0638510552837216
42087,78599,5044,0.06417384445094722
42089,274111,11730,0.04279288317506412
42091,2465266,183724,0.07452502082939529
42093,79636,758,0.009518308302777638
42095,578686,49958,0.08633006500934877
42097,133928,10866,0.08113314616809032
42099,38523,3899,0.10121226280403915
42101,3364948,230436,0.06848129599625313
42103,56386,2453,0.04350370659383535
42105,25900,1794,0.06926640926640927
42107,242889,24998,0.10291944056750203
42109,77645,3316,0.04270719299375362
42111,117187,17377,0.14828436601329498
42113,7129,689,0.09664749614251648
42115,44167,7613,0.1723685104263364
42117,62049,6018,0.0969878644297249
42119,85618,9840,0.11492910369314864
42121,85573,3934,0.045972444579481846
42123,68455,3357,0.04903951500986049
42125,423540,62865,0.14842753931151723
42127,73770,9424,0.12774840721160363
42129,647340,55685,0.08602125621775265
42131,46228,5093,0.11017132473825388
42133,880180,83636,0.09502147288054716
42999,1032815,38263,0.037047293077656696
44001,67561,4013,0.05939817350246444
44003,367580,25616,0.06968823113335873
44005,200232,11686,0.05836229973231052
44007,1398062,120431,0.08614138714878167
44009,265003,19216,0.07251238665222658
44999,58319,2611,0.04477100087450059
45001,27100,1333,0.04918819188191882
45003,301505,32799,0.10878426560090214
45005,12941,695,0.053705277799242716
45007,332534,18690,0.056204779060186325
45009,17706,1848,0.10437139952558455
45011,25326,1567,0.06187317381347232
45013,337124,24690,0.07323714716246842
45015,278962,29875,0.1070934392497903
45017,22918,4202,0.1833493324024784
45019,1274740,93281,0.07317649089226039
45021,102286,4525,0.04423870324384569
45023,48124,3242,0.06736763361316599
45025,73991,5115,0.06913002932789122
45027,33891,2127,0.06276002478534125
45029,51285,4074,0.07943843229014332
45031,101677,11972,0.11774540948297059
45033,45859,1369,0.029852373579886172
45035,179788,15412,0.08572318508465526
45037,27245,2826,0.10372545421178198
45039,27605,829,0.03003079152327477
45041,325237,14157,0.043528257855041094
45043,121046,7210,0.05956413264378831
45045,1379748,95835,0.06945833587002843
45047,139928,7158,0.05115487965239266
45049,22895,3825,0.16706704520637694
45051,654078,48827,0.07465011818162359
45053,49334,9122,0.18490290671747678
45055,87372,8264,0.09458407727876207
45057,129343,3063,0.02368121970265109
45059,105321,4569,0.04338166177685362
45061,18515,864,0.04666486632460167
45063,609724,55443,0.09093130662398069
45065,8603,311,0.036150180169708244
45067,34413,1655,0.04809229070409438
45069,32514,2052,0.06311127514301532
45071,73718,4932,0.06690360563227435
45073,119717,7566,0.06319904441307417
45075,139813,6382,0.0456466852152518
45077,181690,9747,0.05364632065606252
45079,1097734,87566,0.07976978029285783
45081,24091,1958,0.08127516499937736
45083,730920,49468,0.06767908936682537
45085,183360,16063,0.08760362129144851
45087,38664,1363,0.03525243120215187
45089,41868,4834,0.11545810642973153
45091,495223,34456,0.06957673613705341
45999,357074,9917,0.027772954625651824
46003,4454,940,0.21104625056129322
46005,42214,2359,0.05588193490311271
46007,4083,520,0.12735733529267695
46009,8599,542,0.06303058495173858
46011,91281,5038,0.05519220867431338
46013,100209,6487,0.06473470446766258
46015,9846,471,0.04783668494820231
46017,2566,6,0.002338269680436477
46019,13769,939,0.0681966736872685
46021,2208,430,0.1947463768115942
46023,16728,1194,0.07137733142037303
46025,5615,1342,0.2390026714158504
46027,29718,1313,0.044181977252843396
46029,80675,4568,0.056622249767585994
46031,3872,85,0.021952479338842975
46033,12192,935,0.07668963254593175
46035,60113,4170,0.06936935438257948
46037,9282,889,0.09577677224736049
46039,7132,1335,0.18718452047111608
46041,11482,464,0.04041107820937119
46043,5259,406,0.0772009887811371
46045,5828,949,0.16283459162663005
46047,12387,902,0.07281827722612416
46049,3019,179,0.05929115601192448
46051,18946,2001,0.10561596115274992
46053,7535,508,0.06741871267418713
46055,3846,124,0.03224128965158606
46057,10928,1800,0.16471449487554904
46059,6886,972,0.14115596863200697
46061,3123,375,0.12007684918347743
46063,2284,707,0.3095446584938704
46065,52759,5173,0.09804962186546372
46067,13236,445,0.03362042913266848
46069,2702,361,0.13360473723168023
46071,3418,74,0.021650087770626096
46073,8247,108,0.0130956711531466
46075,1998,20,0.01001001001001001
46077,8700,1496,0.17195402298850573
46079,24947,1497,0.060007215296428426
46081,60365,5557,0.09205665534664127
46083,124576,13669,0.10972418443359877
46085,6872,448,0.06519208381839348
46087,6475,1106,0.17081081081081081
46089,2798,391,0.13974267333809864
46091,8185,590,0.07208307880268784
46093,38026,4881,0.1283595434702572
46095,1572,10,0.006361323155216285
46097,3684,386,0.10477741585233442
46099,640568,48860,0.07627605500118645
46101,12424,3196,0.25724404378622023
46102,19519,361,0.01849479993852144
46103,288817,26029,0.09012281133035797
46105,5455,302,0.05536205316223648
46107,3937,278,0.07061214122428244
46109,17461,472,0.02703167058015005
46111,2918,346,0.1185743660041124
46115,11668,1513,0.12967089475488516
46117,6057,1586,0.26184579824995874
46119,3681,855,0.23227383863080683
46121,14457,146,0.010098914020889534
46123,11137,534,0.04794828050642004
46125,10652,948,0.08899737138565528
46127,48833,2718,0.05565908299715357
46129,10427,371,0.03558070394168984
46135,63067,3243,0.051421504114671696
46137,1381,15,0.010861694424330196
46999,10982,833,0.07585139318885449
47001,204084,10910,0.05345837988279336
47003,81591,5264,0.06451691975830667
47005,20411,1149,0.05629317524864044
47007,10730,1316,0.12264678471575023
47009,253354,17398,0.06867071370493459
47011,214033,11027,0.05152009269598613
47013,46405,3810,0.08210322163559962
47015,11413,1003,0.08788223955138877
47017,33593,1911,0.0568868514273807
47019,57080,3532,0.061878065872459705
47021,44266,4086,0.0923056070121538
47023,18655,455,0.024390243902439025
47025,45097,1967,0.0436170920460341
47027,6826,228,0.03340169938470554
47029,37591,2317,0.06163709398526243
47031,129519,6750,0.05211590577444236
47033,18750,1606,0.08565333333333333
47035,88218,6920,0.07844204130676279
47037,2522159,198735,0.07879558743124442
47039,16828,944,0.056096981221773236
47041,28609,1716,0.05998112482086057
47043,88456,6058,0.0684860269512526
47045,76985,4924,0.06396051178801065
47047,39929,3848,0.0963710586290666
47049,25546,875,0.03425193768104596
47051,56708,3891,0.06861465754390915
47053,71497,7209,0.10082940542959845
47055,50110,2717,0.054220714428257835
47057,20281,1694,0.08352645333070362
47059,123551,4431,0.03586373238581638
47061,10275,348,0.03386861313868613
47063,159599,6431,0.0402947386888389
47065,1023633,90016,0.08793776675820338
47067,4643,140,0.03015291837174241
47069,32945,1427,0.04331461526787069
47071,39862,2000,0.05017309718528925
47073,61005,3165,0.051880993361199904
47075,24712,1901,0.07692618970540628
47077,39219,2321,0.05918049924781356
47079,57038,3153,0.05527893684911813
47081,19215,1650,0.0858704137392662
47083,7252,124,0.01709873138444567
47085,28924,2873,0.0993292767252109
47087,7246,143,0.01973502622136351
47089,66581,915,0.013742659317222631
47091,21329,1712,0.0802663040930189
47093,1202326,97246,0.08088155791357751
47095,7912,891,0.11261375126390293
47097,33547,2464,0.0734491906876919
47099,54444,3910,0.07181691279112483
47101,14603,671,0.04594946243922482
47103,48115,2672,0.05553361737503897
47105,83072,5447,0.06556962634822805
47107,90489,3405,0.03762888306866028
47109,26277,2109,0.08026030368763558
47111,24737,592,0.023931762137688484
47113,295319,16624,0.0562916710404681
47115,37938,2034,0.05361379092203068
47117,47403,2133,0.04499715207898234
47119,182530,9186,0.05032597381252397
47121,11016,247,0.022421931735657225
47123,73202,2181,0.029794267916177154
47125,283734,16561,0.05836804894725341
47127,11201,233,0.020801714132666727
47129,15634,1031,0.06594601509530511
47131,55187,2938,0.05323717542174788
47133,25390,2151,0.08471839306813707
47135,8353,261,0.031246258829163175
47137,4957,245,0.04942505547710309
47139,11826,571,0.04828344326061221
47141,187788,11381,0.060605576501160885
47143,54238,7043,0.12985360817139274
47145,95253,3061,0.03213547079881998
47147,110692,7695,0.06951721894987895
47149,666681,39820,0.0597287158326096
47151,28268,2472,0.08744870524975237
47153,15400,472,0.03064935064935065
47155,240768,11648,0.04837852206273259
47157,2456210,274710,0.11184304273657383
47159,25346,1136,0.04481969541545017
47161,13848,2439,0.17612651646447142
47163,337531,26437,0.07832465758700682
47165,280799,22955,0.0817488666270179
47167,58211,6502,0.11169710192231709
47169,9400,299,0.03180851063829787
47171,24215,481,0.01986372083419368
47173,12553,304,0.02421731856926631
47175,3942,205,0.05200405885337392
47177,62895,4616,0.07339216153907306
47179,307418,11620,0.03779869753885589
47181,19083,553,0.028978672116543522
47183,54637,2694,0.04930724600545418
47185,35410,1116,0.03151652075684835
47187,701800,44215,0.06300227985180963
47189,262469,14927,0.056871478155515506
47999,340504,17687,0.051943589502619646
48001,100569,8342,0.08294802573357596
48003,37160,15418,0.41490850376749194
48005,173772,13622,0.07839007435029809
48007,28451,3763,0.13226248638009208
48009,8603,2009,0.2335231895850285
48011,2098,284,0.13536701620591038
48013,66562,18753,0.28173732760433884
48015,55449,6680,0.1204710634997926
48017,12592,1114,0.08846886912325286
48019,17269,2680,0.15519138340378713
48021,96256,13781,0.1431702958776596
48023,7058,366,0.05185604987248512
48025,42347,3343,0.07894301839563606
48027,605751,46147,0.07618146730257151
48029,4334011,370002,0.08537172609852628
48031,17543,3082,0.17568260844781394
48033,1689,25,0.014801657785671996
48035,18804,2182,0.11603914060838119
48037,206183,16086,0.07801807132498799
48039,570353,105405,0.18480660222704184
48041,542346,50310,0.09276366009890365
48043,20099,2741,0.13637494402706601
48045,1720,399,0.23197674418604652
48047,13019,3534,0.27144942007834705
48049,76122,6798,0.08930401198076772
48051,22423,5204,0.2320831289301164
48053,75500,10473,0.13871523178807946
48055,45133,6481,0.1435978109144085
48057,63446,16080,0.25344387353024617
48059,12912,2037,0.15776022304832713
48061,714104,50300,0.07043791940669707
48063,19095,2197,0.11505629746006808
48065,26166,2046,0.0781930749828021
48067,38321,4067,0.1061297982829258
48069,12858,1061,0.08251672110748172
48071,85826,16024,0.18670332999324213
48073,72503,7195,0.09923727294043005
48075,13096,694,0.052993280390959074
48077,7350,777,0.10571428571428572
48079,3357,543,0.16175156389633602
48081,3538,314,0.08875070661390616
48083,10125,975,0.0962962962962963
48085,2240534,139699,0.06235076102393447
48087,4126,225,0.05453223460979156
48089,34906,6045,0.17317939609236235
48091,309764,46839,0.1512086620782273
48093,20015,2339,0.1168623532350737
48095,4075,137,0.03361963190184049
48097,72619,9958,0.13712664729616217
48099,78638,5683,0.07226786032198174
48101,2617,219,0.08368360718379825
48103,6034,950,0.1574411667219092
48105,6907,1681,0.24337628492833357
48107,6246,105,0.01681075888568684
48109,6217,956,0.15377191571497506
48111,22237,7189,0.3232900121419256
48113,8656232,784770,0.09065953869997939
48115,21121,5679,0.2688793144264003
48117,39716,6954,0.17509316144626852
48119,4964,552,0.11120064464141821
48121,1335222,126859,0.09500966880413894
48123,37608,6350,0.16884705381833653
48125,2270,97,0.042731277533039645
48127,29825,10283,0.344777870913663
48129,4590,610,0.1328976034858388
48131,18290,4143,0.22651722252597048
48133,35152,8938,0.2542671825216204
48135,372457,97506,0.26179129402857243
48137,2772,85,0.030663780663780664
48139,272417,29771,0.10928466285143731
48141,1541531,163295,0.10593040295654126
48143,84483,11120,0.131624113727022
48145,15543,1268,0.08158013253554655
48147,40468,4696,0.11604230503113572
48149,45051,6401,0.14208341657232915
48151,4158,402,0.09668109668109669
48153,7644,884,0.11564625850340136
48155,1865,121,0.0648793565683646
48157,1009359,113227,0.11217713420101272
48159,17491,911,0.05208392887770853
48161,22640,4176,0.18445229681978798
48163,35215,9628,0.27340621894079226
48165,32173,11792,0.36651850930904795
48167,556798,54929,0.09865157561629173
48169,8632,2127,0.24640871177015755
48171,55765,6784,0.12165336680713709
48173,3103,1168,0.3764099258781824
48175,6536,1107,0.16936964504283966
48177,36518,9318,0.25516183799769976
48179,37193,6587,0.1771032183475385
48181,236949,23513,0.09923232425543049
48183,366835,61572,0.1678465795248545
48185,36235,7019,0.19370774113426245
48187,211116,24349,0.11533469751226813
48189,57177,8906,0.15576193224548332
48191,4017,722,0.1797361214836943
48193,13433,1382,0.10288096478820814
48195,10583,3676,0.34734952281961634
48197,6551,159,0.02427110364829797
48199,63714,10281,0.16136171014219794
48201,11490921,1505409,0.13100855884397777
48203,113270,17273,0.1524940407874989
48205,12946,1611,0.12443998146145528
48207,9020,1336,0.14811529933481152
48209,377876,40566,0.10735267653939387
48211,9038,3423,0.37873423323744193
48213,89556,11573,0.1292264058242887
48215,1332378,114833,0.08618650262913377
48217,51093,8366,0.1637406298318752
48219,46369,15534,0.33500830296103
48221,82238,14545,0.1768647097448868
48223,64926,5224,0.08046083233219357
48225,35086,3821,0.10890383628797812
48227,64430,13011,0.20194009002017693
48229,6956,2463,0.3540828062104658
48231,143427,10461,0.07293605806438118
48233,39673,12407,0.3127315806719935
48235,4102,1694,0.4129692832764505
48237,13623,5021,0.3685678631725758
48239,28943,6175,0.21335037832982068
48241,47355,4265,0.09006440713757786
48243,4352,129,0.029641544117647058
48245,588034,101140,0.17199685732457648
48247,8151,1990,0.24414182308919152
48249,76476,16545,0.21634238192374078
48251,249251,37141,0.1490104352640511
48253,15190,2924,0.19249506254114548
48255,31670,7564,0.23883801705083677
48257,169471,18280,0.1078650624590638
48259,87442,13138,0.15024816449760983
48261,2248,236,0.10498220640569395
48263,1517,62,0.04087013843111404
48265,91697,10668,0.11633968395912625
48267,6348,471,0.07419659735349717
48269,1168,8,0.00684931506849315
48271,4806,717,0.1491885143570537
48273,58053,7667,0.13206897145711677
48275,5501,888,0.16142519541901473
48277,108913,10281,0.09439644486884027
48279,20176,2769,0.13724226804123713
48281,23651,3437,0.14532155088579765
48283,16564,6928,0.4182564597923207
48285,28029,3265,0.11648649612900924
48287,34769,11146,0.32057292415657623
48289,24066,6190,0.25720934097897447
48291,91116,17064,0.18727775582773606
48293,39437,6130,0.15543778684991252
48295,6401,1081,0.16887986252148102
48297,18485,3914,0.2117392480389505
48299,24201,3229,0.13342423866782363
48301,1143,193,0.16885389326334208
48303,708074,72240,0.10202323485963331
48305,7892,1460,0.1849974657881399
48307,12724,2163,0.169993712668972
48309,575497,55663,0.09672161627254355
48311,2692,863,0.3205794947994057
48313,21812,3024,0.1386392811296534
48315,9899,423,0.04273158904939893
48317,11600,3854,0.3322413793103448
48319,5375,359,0.0667906976744186
48321,53448,6536,0.12228708277204012
48323,88147,8348,0.09470543523886235
48325,50571,8744,0.17290542010243024
48327,2169,167,0.07699400645458737
48329,510496,179322,0.3512701372782549
48331,26690,5947,0.22281753465717496
48333,6377,599,0.09393131566567352
48335,9708,1855,0.19107952204367532
48337,23800,4894,0.20563025210084035
48339,973757,127040,0.1304637604659068
48341,56658,8070,0.14243354866038335
48343,17275,624,0.03612156295224313
48345,1568,209,0.13329081632653061
48347,110794,9638,0.08699027023123995
48349,83675,9323,0.1114191813564386
48351,6319,1015,0.16062668143693623
48353,30898,5356,0.17334455304550456
48355,788462,113264,0.1436518183501551
48357,21329,9274,0.4348070701861316
48359,4754,107,0.02250736222128734
48361,111840,14895,0.133181330472103
48363,41260,4986,0.12084343189529811
48365,40418,11853,0.29326042852194567
48367,176632,25560,0.14470764074459894
48369,29886,5728,0.19166164759419127
48371,27889,6471,0.23202696403599984
48373,57967,5768,0.09950489071368192
48375,382650,38072,0.09949562263164773
48377,10530,3081,0.29259259259259257
48379,10531,1421,0.13493495394549426
48381,166347,19006,0.11425514136113064
48383,9375,3723,0.39712
48385,3996,183,0.0457957957957958
48387,13667,1957,0.1431916294724519
48389,37019,14625,0.3950673978227397
48391,11133,2393,0.21494655528608642
48393,1256,347,0.2762738853503185
48395,22901,5831,0.2546177022837431
48397,167575,15394,0.09186334477099806
48399,14462,1587,0.10973585949384594
48401,65177,12834,0.19690995289749452
48403,12445,1502,0.1206910405785456
48405,9421,1313,0.13936949368432225
48407,10746,1215,0.11306532663316583
48409,98278,31876,0.32434522477054883
48411,8307,1363,0.16407848802215
48413,3719,871,0.2342027426727615
48415,30463,8912,0.2925516199980304
48417,6405,2759,0.43075722092115537
48419,42428,7310,0.17229188271895918
48421,5289,2229,0.4214407260351673
48423,523582,52570,0.10040452116382916
48425,17836,1713,0.09604171338865217
48427,74501,7229,0.0970322546006094
48429,16371,3254,0.19876611080569298
48431,2533,774,0.3055665219107777
48433,2522,578,0.22918318794607453
48435,7503,2052,0.2734906037584966
48437,9274,251,0.027064912659046796
48439,4595161,463110,0.10078210534951877
48441,319017,33914,0.10630781431710536
48443,1438,284,0.19749652294853964
48445,17118,4003,0.23384741208085055
48447,2480,393,0.15846774193548388
48449,82162,3752,0.04566587960370974
48451,237256,26676,0.11243551269514786
48453,3966480,360784,0.09095822996712451
48455,11223,571,0.050877661944221685
48457,19892,2131,0.10712849386688116
48459,36406,6257,0.1718672746250618
48461,9456,2280,0.24111675126903553
48463,48157,5829,0.12104159312249517
48465,90862,8134,0.08952037155246417
48467,57422,9289,0.1617672669011877
48469,187119,27251,0.14563459616607613
48471,123960,7710,0.06219748305905131
48473,101897,10219,0.10028754526629832
48475,26904,9606,0.35704727921498663
48477,75265,5729,0.07611771739852521
48479,505148,50281,0.09953716534560168
48481,79157,17076,0.21572318304129767
48483,9473,2398,0.25314050459199833
48485,267900,21393,0.07985442329227324
48487,29077,2379,0.0818172438697252
48489,19548,1003,0.05130959688970739
48491,934842,114181,0.1221393561692778
48493,43778,8893,0.20313856274841244
48495,16987,4375,0.25754989109318893
48497,102386,19732,0.19272166116461234
48499,51617,6989,0.13540112753550188
48501,16284,7001,0.42993122083026286
48503,33342,5414,0.16237778177673806
48505,15666,5491,0.3505042767777352
48507,11878,1632,0.13739686815962282
48999,1685388,129979,0.07712111395120887
49001,13972,995,0.07121385628399657
49003,109881,14094,0.12826603325415678
49005,296694,24142,0.08137003107578852
49007,42501,7605,0.17893696618903085
49009,1987,46,0.02315047810770005
49011,670194,74408,0.11102456900539247
49013,39124,10524,0.26899090072589715
49015,16585,3811,0.22978595116068737
49017,12068,589,0.04880676168379185
49019,30840,2304,0.07470817120622568
49021,102948,14252,0.1384388234837005
49023,19836,3653,0.18416011292599313
49025,18569,1226,0.0660240185254995
49027,24291,4533,0.18661232555267382
49029,13283,3320,0.24994353685161486
49031,1461,21,0.014373716632443531
49033,4633,681,0.14698899201381393
49035,3638083,358721,0.09860165367310202
49037,20914,3030,0.14487902840202735
49039,42311,4914,0.1161400108718773
49041,45877,7150,0.1558515160102012
49043,137923,14325,0.10386229997897377
49045,88713,9669,0.10899191775726218
49047,63763,15713,0.2464281793516616
49049,1308323,163873,0.12525423767678165
49051,52398,9705,0.18521699301500058
49053,363968,54273,0.14911475734130472
49055,5498,889,0.1616951618770462
49057,552289,54170,0.09808270669884789
50001,73025,8900,0.1218760698390962
50003,82203,5029,0.061177815894797025
50005,51805,4488,0.08663256442428337
50007,499086,44764,0.0896919568972081
50009,5280,1332,0.25227272727272726
50011,86456,9696,0.11214953271028037
50013,5819,656,0.11273414676061179
50015,57534,4251,0.07388674522890812
50017,37704,4901,0.12998620835985572
50019,52467,5199,0.09909085711018355
50021,127117,13135,0.10333000306803967
50023,162599,12753,0.07843221668029939
50025,100202,7004,0.06989880441508153
50027,113038,11398,0.10083334807763761
50999,43056,1294,0.03005388331475288
51001,62746,4042,0.06441844898479585
51003,280867,19140,0.06814613322319817
51005,17903,1484,0.08289113556387198
51007,12510,2157,0.1724220623501199
51009,39004,4040,0.10357912009024715
51011,16532,2236,0.13525284297120735
51013,881392,45937,0.05211869406575054
51015,139850,16503,0.11800500536288881
51017,10216,815,0.0797768206734534
51019,92371,9296,0.10063764601444176
51021,9436,1247,0.1321534548537516
51023,54301,4869,0.08966685696396015
51025,16669,1574,0.0944267802507649
51027,30239,6594,0.21806276662588048
51029,15517,3847,0.24792163433653414
51031,86451,11936,0.138066650472522
51033,28376,2633,0.09278968142091909
51035,30158,1712,0.056767690165130315
51036,8342,2280,0.27331575161831695
51037,14123,1105,0.07824116689088721
51041,683377,80554,0.11787636985148754
51043,18969,1841,0.09705308661500342
51045,3713,106,0.028548343657419876
51047,79674,10604,0.13309235133167657
51049,6324,1166,0.18437697659709046
51051,16623,5622,0.3382060999819527
51053,44369,3531,0.07958259144898465
51057,17836,1239,0.0694662480376766
51059,3054335,215954,0.07070409761863057
51061,110199,15984,0.14504668826395883
51063,17425,1455,0.08350071736011477
51065,22001,4354,0.19790009545020681
51067,75896,8139,0.10723885316749236
51069,170059,22073,0.12979612957855802
51071,24261,1536,0.06331148757264746
51073,47212,4042,0.08561382699313734
51075,91308,8310,0.09101064528847418
51077,15610,772,0.04945547725816784
51079,18603,1705,0.0916518841047143
51081,21462,1189,0.0554002422886963
51083,58552,4559,0.07786241289793688
51085,267773,36594,0.13666052962770706
51087,936080,74186,0.07925177335270489
51089,78213,4152,0.05308580415020521
51091,2294,349,0.15213600697471666
51093,53342,3101,0.058134303175733947
51095,143343,10615,0.07405314525299457
51097,5424,581,0.1071165191740413
51099,61754,1958,0.031706448165301035
51101,19669,1530,0.07778738115816768
51103,22355,1935,0.08655781704316708
51105,20687,4044,0.19548508725286412
51107,862852,115964,0.13439616527515727
51109,49205,7042,0.1431155370389188
51111,11796,1466,0.12427941675144116
51113,15482,1897,0.12252938896783361
51115,7641,841,0.11006412773197226
51117,56273,3738,0.06642617240950367
51119,16233,1580,0.09733259409844144
51121,207973,9124,0.04387107941896304
51125,19266,1302,0.06758019308626596
51127,24769,4420,0.17844886753603295
51131,21692,5334,0.24589710492347408
51133,12419,1836,0.1478379901763427
51135,28004,3461,0.12358948721611199
51137,48368,3686,0.07620740985775719
51139,27041,2038,0.07536703524277949
51141,21394,1656,0.07740487987286156
51143,60792,9043,0.1487531254112383
51145,36879,10298,0.2792375064399794
51147,44804,3111,0.0694357646638693
51149,73397,8101,0.11037235854326471
51153,652768,96325,0.14756391244668857
51155,70600,4057,0.057464589235127476
51157,7278,1012,0.13904918933773014
51159,14131,2865,0.2027457363243932
51161,190687,12608,0.06611882299265288
51163,30329,2531,0.08345148207985756
51165,166670,17132,0.10278994420111598
51167,32688,5110,0.15632648066568772
51169,23969,2093,0.08732112311735993
51171,68583,4226,0.061618768499482376
51173,59158,4209,0.07114844991379018
51175,17939,2189,0.12202463905457384
51177,178996,15807,0.08830923596058013
51179,226194,31091,0.13745280599839077
51181,10780,899,0.08339517625231911
51183,17049,3845,0.2255264238371752
51185,70298,8297,0.11802611738598538
51187,64325,6263,0.09736494364554994
51191,97219,7024,0.07224925168948457
51193,16597,2522,0.1519551726215581
51195,56408,8756,0.15522620904836193
51197,56097,4619,0.08233951904736439
51199,104108,10500,0.10085680255119683
51510,435441,22601,0.05190370222372262
51520,45844,1884,0.0410958904109589
51530,11624,128,0.011011699931176875
51540,197694,12315,0.0622932410695317
51550,506544,66223,0.13073494109100098
51570,50357,2827,0.056139166352244974
51580,19059,2201,0.11548349860958078
51590,123214,3473,0.0281867320272047
51595,16440,316,0.019221411192214113
51600,98015,5474,0.05584859460286691
51610,58591,3227,0.05507671826731068
51620,20709,718,0.03467091602684823
51630,118713,7127,0.06003554791808816
51640,28111,315,0.011205577887659635
51650,256590,16864,0.06572352780700728
51660,153028,7855,0.051330475468541706
51670,37988,1759,0.04630409603032536
51678,22448,384,0.017106200997861726
51680,251294,7738,0.03079261741227407
51683,115012,5465,0.04751678085764963
51685,19517,6053,0.31013987805502896
51690,45639,1577,0.03455378075768531
51700,505613,26937,0.05327592447187869
51710,687927,45849,0.06664806004125438
51720,16132,371,0.02299776841061245
51730,62568,3945,0.06305140007671653
51735,8951,834,0.09317394704502291
51740,218107,16967,0.07779209287184731
51750,29042,907,0.031230631499208045
51760,765410,62636,0.08183326583138449
51770,320582,29491,0.09199206443281283
51775,95379,3009,0.03154782499292297
51790,55162,2179,0.0395018309705957
51800,164638,12410,0.07537749486752754
51810,871684,80404,0.09223984838542408
51820,46024,1653,0.03591604380323309
51830,58765,1289,0.02193482515102527
51840,124648,5110,0.04099544316796098
51999,775920,50773,0.06543586967728632
53001,44125,15030,0.3406232294617564
53003,32708,2558,0.07820716644246056
53005,454061,58913,0.1297468842292115
53007,216049,12910,0.059754962994505875
53009,116136,13782,0.1186712130605497
53011,823620,91505,0.11110099317646488
53013,7335,1175,0.1601908657123381
53015,197271,17646,0.08945055279285856
53017,61723,18515,0.29996921730959286
53019,8418,616,0.07317652649085293
53021,174081,21995,0.12634922823283415
53023,3275,33,0.010076335877862596
53025,201326,16780,0.08334740669362128
53027,114210,7310,0.06400490324840206
53029,84194,7728,0.09178801339762928
53031,44280,4251,0.09600271002710027
53033,7012469,541253,0.07718436972769506
53035,449469,30449,0.06774438281616753
53037,76377,6444,0.08437094936957461
53039,36318,2529,0.06963489178919544
53041,132487,16760,0.12650297765063742
53043,13678,1928,0.14095628015791783
53045,71210,10084,0.1416093245330712
53047,82830,8772,0.10590365809489316
53049,31817,5261,0.16535185592607726
53051,15047,1337,0.08885492124676016
53053,1568030,171312,0.1092530117408468
53055,29039,4531,0.15603154378594306
53057,255181,38622,0.15135139371661682
53059,10143,582,0.05737947352854185
53061,1412781,167851,0.11880893075430658
53063,1138241,108759,0.09555006365084372
53065,54584,4277,0.07835629488494797
53067,589645,60658,0.10287206709121591
53069,3735,846,0.22650602409638554
53071,140033,7319,0.052266251526425916
53073,448292,47233,0.10536213004024163
53075,93121,2842,0.03051943170713373
53077,570677,183623,0.32176344937679285
53999,116726,1574,0.013484570704041944
54001,18265,533,0.029181494661921707
54003,176873,10908,0.0616713687221905
54005,22347,2086,0.09334586297937084
54007,18156,2183,0.12023573474333554
54009,36704,396,0.010789014821272886
54011,252330,14592,0.057829033408631554
54013,5539,788,0.14226394656075103
54015,6519,610,0.09357263383954595
54017,7838,1399,0.17848941056391937
54019,50166,6398,0.12753657855918352
54021,8932,1697,0.1899910434393193
54023,16613,1565,0.0942033347378559
54025,62955,5642,0.08961956953379398
54027,18685,1596,0.08541610917848541
54029,45146,1813,0.04015859655340451
54031,28100,1265,0.04501779359430605
54033,178716,38406,0.21489961726985832
54035,43764,7241,0.16545562562837035
54037,75495,4598,0.06090469567521028
54039,468871,49582,0.10574763634347187
54041,28203,5494,0.19480197142147998
54043,11283,1180,0.10458211468581051
54045,48758,3828,0.07851019319906477
54047,20278,5659,0.2790709142913502
54049,84725,7284,0.0859722632044851
54051,56868,17701,0.3112646831258353
54053,26872,1219,0.04536320333432569
54055,91125,6978,0.0765761316872428
54057,39515,2122,0.05370112615462483
54059,23430,5847,0.2495518565941101
54061,279604,18142,0.06488462253758888
54063,9464,1813,0.1915680473372781
54065,14180,711,0.0501410437235543
54067,34649,3410,0.09841553868798522
54069,135386,4421,0.03265477966702613
54071,7330,221,0.03015006821282401
54073,12684,838,0.06606748659728792
54075,15361,980,0.0637979298222772
54077,35819,9352,0.2610904827047098
54079,99471,15734,0.15817675503413056
54081,153096,19985,0.13053900820400272
54083,53795,6400,0.11897016451343062
54085,15463,3235,0.20920907973873115
54087,14320,1215,0.0848463687150838
54089,10823,691,0.06384551418275894
54091,15622,940,0.060171552938164126
54093,12906,573,0.044397954439795446
54095,9767,204,0.020886659158390497
54097,36213,4122,0.11382652638555214
54099,40308,2368,0.05874764314776223
54101,7949,364,0.045791923512391496
54103,21560,2555,0.1185064935064935
54105,3271,365,0.11158667074289208
54107,171415,10921,0.06371087711110462
54109,21003,5303,0.25248773984668854
54999,151325,27572,0.1822038658516438
55001,20650,4693,0.2272639225181598
55003,38947,3104,0.0796980511977816
55005,107961,7087,0.06564407517529479
55007,20073,1870,0.09315996612364869
55009,775784,53501,0.06896378373361657
55011,18915,846,0.04472640761300555
55013,23097,959,0.04152054379356626
55015,73823,3362,0.045541362448017556
55017,123210,10860,0.08814219625030435
55019,55397,3495,0.06309005902846725
55021,110719,6669,0.06023356424823201
55023,34985,1050,0.030012862655423755
55025,1689932,135897,0.08041566169526347
55027,176382,12788,0.07250172920139243
55029,67075,3813,0.056846813268729035
55031,78506,6387,0.08135683896772221
55033,87184,5267,0.06041246100201872
55035,286728,13544,0.04723640523422896
55037,5031,171,0.03398926654740608
55039,230590,21866,0.09482631510473134
55041,15151,462,0.03049303676324995
55043,88341,5306,0.06006271153824385
55045,76570,3192,0.04168734491315137
55047,28603,2462,0.0860748872495892
55049,50492,2986,0.05913808128020281
55051,8139,986,0.12114510382110824
55053,41163,6163,0.14972183757257732
55055,165783,9979,0.06019314404975178
55057,45986,2717,0.059083199234549647
55059,339874,13057,0.03841717813071903
55061,33234,2704,0.08136246013119094
55063,340793,18479,0.054223531586622964
55065,21620,1300,0.060129509713228495
55067,36467,3500,0.09597718485205803
55069,52549,2549,0.04850710765190584
55071,164431,13838,0.08415688039359975
55073,351650,27178,0.07728707521683492
55075,89920,4029,0.04480649466192171
55077,19375,648,0.03344516129032258
55078,9784,20,0.002044153720359771
55079,2346646,135656,0.05780846365408332
55081,103817,6572,0.0633036978529528
55083,43847,2368,0.05400597532328324
55085,79951,5690,0.07116859076184162
55087,531288,47437,0.0892867898390327
55089,205753,7883,0.03831292860857436
55091,11268,1994,0.1769613063542776
55093,51654,3854,0.07461184032214349
55095,78407,6184,0.07887050901067506
55097,165031,6507,0.03942895577194588
55099,25740,1482,0.05757575757575758
55101,368113,21119,0.057370970327046314
55103,28544,1138,0.0398682735426009
55105,330061,20861,0.0632034684497714
55107,24405,703,0.02880557262855972
55109,170364,11120,0.06527200582282641
55111,175397,10545,0.06012075463092299
55113,34178,2429,0.07106910878342794
55115,61747,6257,0.10133285827651546
55117,298991,15306,0.051192176353134375
55119,40226,1573,0.039104062049420775
55121,65806,3415,0.051894963985046956
55123,43231,2829,0.06543915246004024
55125,39745,3475,0.08743238143162661
55127,207991,10487,0.05042045088489406
55129,28360,1510,0.05324400564174894
55131,281293,20636,0.07336122832775789
55133,1204029,111248,0.09239644560056277
55135,94794,6990,0.07373884423064751
55137,30246,3590,0.1186933809429346
55139,458923,30667,0.06682384626614922
55141,187026,12436,0.06649342872114038
55999,349684,7972,0.022797725946854874
56001,79172,5316,0.06714495023493154
56003,20446,4981,0.2436173334637582
56005,120371,39726,0.3300296583064027
56007,34246,3679,0.10742860480056064
56009,31485,10715,0.34032078767667145
56011,12438,3161,0.2541405370638366
56013,75293,8871,0.11781971763643366
56015,20657,1952,0.09449581255748657
56017,9458,693,0.07327130471558468
56019,15994,2549,0.1593722645992247
56021,231346,24175,0.10449716009786207
56023,33109,8706,0.26294965115225466
56025,189062,29930,0.15830785668193503
56027,4303,319,0.0741343248896119
56029,67895,9279,0.13666691214375137
56031,17319,2002,0.11559558865985334
56033,67289,8945,0.13293406054481416
56035,19077,6134,0.3215390260523143
56037,104827,24911,0.23763915785055376
56039,105114,12233,0.11637840820442567
56041,40321,5684,0.14096872597405818
56043,17664,2457,0.13909646739130435
56045,11526,1347,0.11686621551275378
56999,19806,3367,0.16999899020498838
72001,8392,1170,0.1394184938036225
72003,21780,2068,0.09494949494949495
72005,89921,11407,0.12685579564284205
72007,8390,853,0.10166865315852205
72009,28795,3195,0.11095676332696648
72011,25881,469,0.018121401800548664
72013,103524,10683,0.10319346238553379
72015,11915,202,0.016953420058749474
72017,50966,522,0.010242122199113135
72019,14713,1518,0.10317406375314347
72021,262499,21532,0.08202697915039676
72023,29479,1328,0.04504901794497778
72025,221557,12607,0.05690183564500332
72027,18689,2241,0.11991010754989566
72029,25249,273,0.010812309398392015
72031,224023,11489,0.05128491270985568
72033,51872,2472,0.04765576804441703
72035,47212,982,0.020799796661865627
72037,6496,187,0.02878694581280788
72039,7955,659,0.08284098051539912
72041,29272,956,0.03265919650177644
72043,16954,1851,0.10917777515630529
72045,8260,712,0.08619854721549637
72047,18391,1218,0.06622804632700778
72049,2101,69,0.03284150404569253
72051,46389,3577,0.07710879734419798
72053,46415,3140,0.06765054400517075
72054,5248,430,0.0819359756097561
72055,13113,1063,0.08106459238923205
72057,49269,7049,0.1430717083764639
72059,11473,1829,0.1594177634446091
72061,258994,14618,0.05644146196436983
72063,36119,1368,0.03787480273540242
72065,43829,2941,0.0671016906614342
72067,13262,801,0.060398129995475794
72069,76724,5264,0.06860956154527918
72071,31449,2699,0.085821488759579
72073,13931,1546,0.11097552221663914
72075,31876,2192,0.06876647007152717
72077,37467,1750,0.046707769503830036
72079,16189,1752,0.10822163197232688
72081,20061,3915,0.19515477792732167
72083,5518,282,0.05110547299746285
72085,34677,2857,0.0823889033076679
72087,8306,72,0.008668432458463762
72089,9741,991,0.10173493481162098
72091,68319,2739,0.04009133623150222
72093,6496,486,0.07481527093596059
72095,6264,2369,0.37819284802043424
72097,144841,11834,0.08170338509123798
72099,22828,2276,0.09970212020325915
72101,11288,751,0.06653082919914954
72103,10632,2227,0.2094620015048909
72105,16667,3242,0.19451610967780644
72107,14988,1416,0.0944755804643715
72109,7442,376,0.05052405267401236
72111,12306,1098,0.08922476840565578
72113,225554,24842,0.11013770538318983
72115,10883,1043,0.09583754479463383
72117,9747,422,0.04329537293526213
72119,25088,1549,0.06174266581632653
72121,16204,411,0.025364107627746234
72123,17205,2006,0.11659401336820692
72125,38358,1130,0.029459304447572866
72127,1193915,97721,0.08184921037092255
72129,19669,1257,0.06390767197112207
72131,26464,3635,0.13735640870616686
72133,30563,5433,0.17776396296175115
72135,18234,2013,0.11039815728858177
72137,64562,6025,0.0933211486633004
72139,50231,3642,0.07250502677629353
72141,17840,3665,0.2054372197309417
72143,20939,863,0.04121495773437127
72145,39182,1770,0.04517380429789189
72147,6713,435,0.06479964248473112
72149,16671,733,0.04396856817227521
72151,13046,505,0.03870918289130768
72153,30152,2660,0.08821968691960733
72999,10585,170,0.01606046291922532
78010,78789,13249,0.1681579915978119
78020,7977,555,0.06957502820609252
78030,91600,8354,0.09120087336244541
